01/31/2006 12:13:05 PM,NARCOTICS,024,1
03/21/2006 07:00:00 PM,CRIMINAL TRESPASS,008,66
02/09/2006 01:44:41 AM,NARCOTICS,007,68
03/21/2006 04:45:00 PM,THEFT,011,23
03/21/2006 10:00:00 PM,THEFT,006,44
03/20/2006 11:00:00 PM,MOTOR VEHICLE THEFT,007,67
02/01/2006 11:25:00 PM,NARCOTICS,010,29
03/21/2006 02:37:00 PM,CRIMINAL DAMAGE,006,71
02/09/2006 05:38:07 AM,PROSTITUTION,004,46
11/29/2005 03:10:00 PM,CRIMINAL DAMAGE,022,49
03/22/2006 10:30:00 AM,OTHER OFFENSE,024,77
01/31/2006 12:33:27 PM,NARCOTICS,022,73
03/15/2006 03:00:00 PM,MOTOR VEHICLE THEFT,006,44
03/20/2006 11:45:00 PM,BATTERY,011,23
03/21/2006 12:50:00 PM,BATTERY,002,36
03/11/2006 02:00:00 AM,ASSAULT,014,22
03/21/2006 07:40:00 AM,CRIMINAL DAMAGE,008,66
03/21/2006 02:48:52 PM,BATTERY,006,71
01/31/2006 12:34:29 PM,NARCOTICS,012,24
03/19/2006 11:35:00 AM,ASSAULT,018,7
03/22/2006 12:30:00 AM,MOTOR VEHICLE THEFT,005,53
03/21/2006 08:30:00 AM,ASSAULT,012,31
03/21/2006 04:42:00 PM,CRIMINAL TRESPASS,002,35
03/21/2006 11:20:00 AM,ASSAULT,012,28
01/31/2006 12:24:18 PM,NARCOTICS,015,25
02/09/2006 12:11:06 PM,NARCOTICS,015,25
01/28/2006 12:25:00 PM,NARCOTICS,007,67
03/21/2006 07:55:12 PM,ASSAULT,012,28
03/19/2006 11:30:00 PM,ASSAULT,018,8
03/21/2006 03:50:57 PM,CRIMINAL TRESPASS,006,71
02/12/2006 12:50:00 PM,NARCOTICS,003,42
03/21/2006 11:40:00 AM,CRIMINAL DAMAGE,008,70
03/22/2006 12:20:00 AM,THEFT,014,24
03/10/2006 08:30:00 AM,DECEPTIVE PRACTICE,011,26
02/09/2006 03:05:28 PM,NARCOTICS,003,69
03/22/2006 11:42:00 AM,OTHER OFFENSE,019,7
03/20/2006 07:30:00 AM,CRIMINAL DAMAGE,008,56
03/21/2006 10:45:00 AM,OTHER OFFENSE,018,8
03/21/2006 06:00:00 PM,CRIMINAL DAMAGE,019,4
01/31/2006 12:58:15 PM,NARCOTICS,002,35
02/03/2006 11:00:00 AM,THEFT,019,3
03/21/2006 04:44:22 PM,THEFT,006,44
02/09/2006 03:54:27 PM,NARCOTICS,025,25
03/20/2006 11:20:00 PM,MOTOR VEHICLE THEFT,003,69
03/08/2006 07:45:00 AM,DECEPTIVE PRACTICE,011,26
01/28/2006 02:57:54 PM,NARCOTICS,024,1
02/12/2006 01:30:00 PM,NARCOTICS,003,69
03/21/2006 04:14:00 PM,ASSAULT,018,7
03/08/2006 08:00:00 AM,DECEPTIVE PRACTICE,011,26
02/27/2006 08:00:00 PM,CRIMINAL DAMAGE,008,66
03/23/2006 08:45:00 AM,THEFT,018,7
01/28/2006 09:20:00 PM,NARCOTICS,006,71
03/22/2006 07:11:15 AM,CRIMINAL DAMAGE,010,30
03/22/2006 01:40:00 AM,OTHER OFFENSE,016,17
03/23/2006 03:24:00 AM,ROBBERY,008,66
01/28/2006 09:30:00 PM,NARCOTICS,011,23
03/22/2006 03:00:45 AM,CRIMINAL DAMAGE,010,29
03/21/2006 01:59:55 PM,ROBBERY,006,49
03/22/2006 03:56:22 PM,BATTERY,004,48
03/22/2006 04:15:00 PM,CRIMINAL DAMAGE,003,42
03/22/2006 05:30:00 PM,THEFT,016,15
01/28/2006 10:10:12 PM,NARCOTICS,009,61
03/22/2006 06:40:00 PM,BATTERY,025,25
03/22/2006 09:00:00 PM,MOTOR VEHICLE THEFT,004,48
03/22/2006 07:30:00 PM,CRIMINAL DAMAGE,003,42
03/22/2006 02:25:00 PM,CRIMINAL DAMAGE,010,30
01/21/2006 10:30:00 PM,NARCOTICS,015,25
03/22/2006 07:10:00 PM,CRIMINAL DAMAGE,003,43
03/06/2006 08:00:00 AM,BURGLARY,007,68
03/23/2006 12:08:00 AM,BATTERY,008,65
03/21/2006 02:22:32 PM,OTHER OFFENSE,006,44
03/22/2006 02:30:00 PM,CRIMINAL TRESPASS,018,7
01/31/2006 11:33:00 AM,NARCOTICS,008,66
03/20/2006 09:00:00 AM,OTHER OFFENSE,006,44
03/20/2006 09:05:00 PM,CRIMINAL DAMAGE,010,29
03/22/2006 02:09:04 PM,CRIMINAL TRESPASS,018,8
03/22/2006 09:30:00 PM,CRIMINAL TRESPASS,003,42
02/07/2006 01:12:00 PM,NARCOTICS,007,67
03/21/2006 05:10:10 PM,CRIMINAL TRESPASS,006,69
12/01/2005 08:00:00 AM,THEFT,007,68
02/01/2006 02:00:00 PM,NARCOTICS,012,28
03/22/2006 12:45:00 AM,ROBBERY,008,56
01/21/2006 11:30:00 PM,NARCOTICS,019,7
03/22/2006 05:16:00 PM,CRIMINAL DAMAGE,010,29
03/22/2006 02:20:00 PM,CRIMINAL TRESPASS,001,35
03/22/2006 05:40:00 PM,THEFT,003,42
03/20/2006 02:00:00 PM,THEFT,007,67
03/22/2006 08:00:00 PM,CRIMINAL DAMAGE,019,3
03/23/2006 01:48:00 AM,CRIMINAL TRESPASS,001,32
02/02/2006 12:36:52 AM,NARCOTICS,001,28
02/01/2006 03:30:00 PM,NARCOTICS,002,35
03/22/2006 09:30:00 PM,THEFT,003,43
03/22/2006 04:56:06 PM,BATTERY,004,46
03/21/2006 02:50:00 PM,BATTERY,007,69
03/22/2006 02:40:00 AM,BATTERY,005,49
02/02/2006 12:34:26 AM,NARCOTICS,009,58
03/22/2006 04:40:00 PM,ROBBERY,008,66
01/21/2006 11:20:00 PM,NARCOTICS,002,38
03/17/2006 02:30:00 PM,CRIMINAL TRESPASS,002,40
02/01/2006 03:30:00 PM,NARCOTICS,004,46
01/28/2006 07:20:00 PM,NARCOTICS,003,43
03/20/2006 06:00:00 PM,CRIMINAL DAMAGE,004,46
03/22/2006 12:42:12 PM,CRIMINAL DAMAGE,024,2
11/04/2005 11:15:00 PM,BATTERY,002,39
03/23/2006 05:00:00 PM,OTHER OFFENSE,016,17
02/04/2006 02:21:12 AM,NARCOTICS,015,25
05/03/2016 10:15:00 PM,BATTERY,007,68
03/23/2006 01:50:00 PM,BURGLARY,016,15
03/23/2006 04:30:00 PM,ROBBERY,025,25
03/23/2006 08:00:00 PM,ASSAULT,011,27
03/23/2006 01:00:00 PM,CRIMINAL DAMAGE,004,46
03/23/2006 08:00:00 PM,DECEPTIVE PRACTICE,012,28
01/31/2006 09:17:00 PM,NARCOTICS,022,73
03/23/2006 04:15:00 PM,BATTERY,016,15
03/23/2006 08:36:04 AM,BATTERY,024,77
03/23/2006 10:00:00 AM,BATTERY,009,37
02/02/2006 09:56:56 PM,NARCOTICS,015,25
03/24/2006 12:10:00 AM,ROBBERY,009,63
11/10/2005 01:00:00 PM,THEFT,002,42
03/23/2006 09:00:00 PM,CRIMINAL DAMAGE,004,51
03/10/2006 10:00:00 AM,DECEPTIVE PRACTICE,012,28
03/23/2006 04:30:00 PM,CRIMINAL DAMAGE,009,58
02/01/2006 08:13:00 PM,GAMBLING,015,25
02/04/2006 03:05:14 AM,NARCOTICS,012,28
03/23/2006 10:25:44 AM,CRIMINAL DAMAGE,011,23
03/17/2006 08:05:00 PM,ROBBERY,002,41
03/07/2006 12:30:00 PM,BATTERY,003,43
03/24/2006 12:11:00 AM,BURGLARY,009,58
03/23/2006 08:05:00 PM,ROBBERY,025,20
03/23/2006 02:03:15 PM,THEFT,010,31
03/24/2006 12:03:00 AM,CRIMINAL DAMAGE,004,52
02/02/2006 10:52:06 PM,NARCOTICS,015,25
03/22/2006 10:00:00 PM,MOTOR VEHICLE THEFT,015,25
03/21/2006 11:40:53 PM,BATTERY,024,1
03/23/2006 06:29:00 PM,CRIMINAL DAMAGE,011,26
03/24/2006 06:50:00 AM,BATTERY,009,37
03/21/2006 03:10:00 PM,ASSAULT,016,10
03/22/2006 08:00:00 AM,BURGLARY,025,25
03/22/2006 11:06:00 AM,BATTERY,005,54
03/19/2006 07:08:19 AM,OTHER OFFENSE,003,42
03/22/2006 12:00:00 PM,ASSAULT,004,46
03/23/2006 02:00:00 PM,THEFT,010,29
11/01/2005 06:00:00 PM,SEX OFFENSE,010,30
03/23/2006 07:40:46 PM,INTERFERENCE WITH PUBLIC OFFICER,024,1
03/23/2006 06:20:00 AM,MOTOR VEHICLE THEFT,015,25
02/02/2006 07:26:15 PM,NARCOTICS,015,25
03/23/2006 09:00:00 PM,ASSAULT,007,68
03/23/2006 10:26:00 AM,BURGLARY,025,25
03/23/2006 07:10:00 PM,CRIMINAL DAMAGE,011,29
01/28/2006 06:40:00 PM,NARCOTICS,024,2
03/21/2006 02:15:00 PM,BATTERY,008,66
03/24/2006 01:45:00 PM,THEFT,002,39
03/24/2006 11:00:00 PM,BURGLARY,022,71
02/05/2006 11:15:00 AM,PROSTITUTION,008,56
03/24/2006 12:00:00 AM,CRIMINAL DAMAGE,001,28
03/24/2006 04:13:54 PM,ASSAULT,004,52
02/02/2006 02:26:01 PM,PROSTITUTION,011,23
03/23/2006 04:15:00 PM,DECEPTIVE PRACTICE,004,43
03/24/2006 11:50:00 PM,CRIMINAL DAMAGE,020,4
02/05/2006 11:23:00 AM,PROSTITUTION,008,56
03/23/2006 02:20:00 PM,BATTERY,009,61
03/24/2006 08:30:00 PM,ROBBERY,024,1
03/23/2006 08:00:00 AM,MOTOR VEHICLE THEFT,010,29
02/25/2006 03:00:00 AM,BATTERY,022,72
05/21/2005 03:45:00 PM,THEFT,006,71
03/18/2006 05:00:00 PM,BURGLARY,009,61
08/20/2005 09:00:02 PM,NARCOTICS,003,40
12/22/2005 09:22:00 PM,CRIMINAL DAMAGE,008,70
03/23/2006 10:55:00 PM,ROBBERY,008,66
02/02/2006 04:13:27 PM,NARCOTICS,011,23
03/24/2006 05:20:00 PM,ASSAULT,018,8
03/24/2006 08:05:00 PM,CRIMINAL DAMAGE,022,73
03/24/2006 10:00:00 PM,BURGLARY,012,31
05/03/2016 10:30:00 PM,BATTERY,017,21
02/05/2006 01:00:00 PM,NARCOTICS,011,26
12/27/2005 10:19:00 PM,THEFT,004,48
03/24/2006 06:15:00 AM,BURGLARY,024,1
03/21/2006 06:27:51 PM,THEFT,001,32
03/21/2006 10:05:00 AM,BATTERY,010,29
02/02/2006 04:14:58 PM,NARCOTICS,012,28
03/24/2006 02:30:00 PM,OFFENSE INVOLVING CHILDREN,022,75
03/24/2006 10:00:00 AM,BURGLARY,009,61
03/24/2006 12:00:00 PM,CRIMINAL DAMAGE,009,61
03/24/2006 12:15:00 PM,ASSAULT,018,8
02/05/2006 04:00:00 PM,NARCOTICS,003,43
03/23/2006 03:00:00 PM,BATTERY,002,41
03/22/2006 11:46:00 AM,THEFT,001,32
08/24/2005 09:50:56 PM,NARCOTICS,003,69
02/02/2006 05:19:23 PM,NARCOTICS,008,66
03/24/2006 12:03:14 PM,BATTERY,009,61
03/24/2006 11:00:00 AM,THEFT,001,32
03/24/2006 05:30:00 PM,ROBBERY,022,49
08/25/2005 12:22:28 AM,NARCOTICS,003,43
03/23/2006 08:50:00 AM,OTHER OFFENSE,004,46
03/23/2006 12:45:00 PM,BATTERY,009,61
03/22/2006 09:00:00 PM,BATTERY,008,56
02/02/2006 05:27:19 PM,PROSTITUTION,012,28
02/05/2006 03:50:00 PM,NARCOTICS,011,26
12/05/2005 05:30:00 PM,ASSAULT,018,8
03/24/2006 11:00:00 PM,ROBBERY,008,57
03/25/2006 08:45:00 AM,ROBBERY,003,68
03/25/2006 07:30:00 PM,OTHER OFFENSE,011,27
03/18/2006 07:15:00 PM,BATTERY,003,42
03/23/2006 04:00:00 PM,CRIMINAL DAMAGE,003,43
03/24/2006 12:30:00 PM,SEX OFFENSE,003,69
03/15/2006 02:45:00 PM,BATTERY,003,43
03/25/2006 08:50:00 PM,OTHER OFFENSE,008,64
03/24/2006 01:50:00 PM,BATTERY,003,43
03/16/2006 02:00:00 PM,OTHER OFFENSE,003,43
03/16/2006 07:00:00 AM,THEFT,014,22
03/25/2006 07:00:00 PM,THEFT,016,11
03/24/2006 08:00:00 PM,MOTOR VEHICLE THEFT,003,43
03/25/2006 08:00:00 PM,CRIMINAL DAMAGE,019,3
03/25/2006 07:00:00 AM,MOTOR VEHICLE THEFT,022,73
03/25/2006 08:10:00 PM,CRIMINAL TRESPASS,014,22
03/25/2006 02:00:00 AM,MOTOR VEHICLE THEFT,003,42
03/25/2006 12:00:00 PM,THEFT,009,34
03/09/2006 08:00:00 AM,BURGLARY,003,43
03/23/2006 09:00:00 AM,CRIMINAL TRESPASS,003,43
03/22/2006 05:00:00 PM,THEFT,019,3
03/24/2006 05:30:00 PM,CRIMINAL TRESPASS,003,42
03/17/2006 06:00:00 PM,CRIMINAL DAMAGE,002,41
03/25/2006 10:00:00 PM,OTHER OFFENSE,009,58
03/17/2006 04:10:00 PM,BATTERY,003,43
03/25/2006 05:00:00 PM,MOTOR VEHICLE THEFT,004,45
03/25/2006 04:50:00 PM,ASSAULT,019,3
03/25/2006 02:30:00 PM,BATTERY,003,43
03/25/2006 01:50:00 PM,THEFT,019,3
03/25/2006 05:45:00 PM,ASSAULT,003,43
03/25/2006 06:30:00 PM,THEFT,024,2
03/25/2006 09:00:00 AM,CRIMINAL DAMAGE,003,42
03/25/2006 10:00:00 PM,NARCOTICS,025,25
03/25/2006 05:34:00 PM,CRIMINAL DAMAGE,003,43
03/25/2006 05:15:00 PM,CRIMINAL DAMAGE,003,42
03/25/2006 07:45:00 PM,ASSAULT,012,28
03/25/2006 04:50:00 AM,THEFT,019,6
03/25/2006 09:30:00 PM,CRIMINAL DAMAGE,007,68
03/25/2006 04:45:00 PM,CRIMINAL DAMAGE,005,49
03/21/2006 12:58:00 PM,BATTERY,003,42
03/25/2006 06:30:00 PM,CRIMINAL DAMAGE,010,30
03/25/2006 12:30:00 PM,THEFT,016,10
03/25/2006 10:00:00 PM,THEFT,014,23
03/25/2006 07:30:00 PM,THEFT,019,6
03/24/2006 01:44:33 AM,DECEPTIVE PRACTICE,019,6
03/25/2006 02:40:00 AM,THEFT,019,3
03/24/2006 11:50:00 PM,THEFT,018,7
03/26/2006 12:05:00 AM,OTHER OFFENSE,008,65
03/25/2006 01:15:00 AM,BURGLARY,019,3
03/25/2006 05:30:00 AM,OTHER OFFENSE,025,22
03/25/2006 11:30:00 PM,MOTOR VEHICLE THEFT,011,23
03/26/2006 05:10:00 PM,THEFT,025,22
03/25/2006 09:11:57 PM,CRIMINAL TRESPASS,025,22
03/23/2006 07:42:43 PM,DECEPTIVE PRACTICE,025,25
03/25/2006 08:50:00 PM,CRIMINAL DAMAGE,025,19
03/25/2006 02:00:00 PM,CRIMINAL DAMAGE,025,21
03/26/2006 06:30:00 PM,THEFT,006,71
03/25/2006 05:30:00 PM,CRIMINAL DAMAGE,025,20
03/26/2006 01:00:00 PM,THEFT,024,2
03/25/2006 08:00:00 PM,MOTOR VEHICLE THEFT,003,43
03/26/2006 03:00:00 PM,CRIMINAL DAMAGE,025,25
03/26/2006 07:20:00 PM,OTHER OFFENSE,009,58
03/24/2006 06:30:00 PM,CRIMINAL DAMAGE,014,24
03/26/2006 07:30:00 PM,THEFT,010,30
03/26/2006 10:30:00 AM,CRIMINAL DAMAGE,006,44
03/26/2006 07:00:00 AM,BURGLARY,017,16
03/26/2006 04:00:00 PM,OTHER OFFENSE,004,52
03/26/2006 05:00:00 PM,BATTERY,011,26
03/25/2006 09:30:00 PM,BURGLARY,017,14
03/26/2006 07:00:00 PM,THEFT,014,22
03/26/2006 08:00:00 PM,ASSAULT,008,62
03/25/2006 02:00:00 PM,DECEPTIVE PRACTICE,005,49
03/24/2006 07:45:00 AM,THEFT,012,28
03/26/2006 07:30:00 PM,OTHER OFFENSE,008,66
03/26/2006 06:00:00 PM,CRIMINAL DAMAGE,025,19
03/26/2006 05:00:00 PM,THEFT,012,28
03/26/2006 08:30:00 PM,MOTOR VEHICLE THEFT,007,67
03/22/2006 12:12:00 AM,ASSAULT,014,22
03/26/2006 08:30:00 PM,OTHER OFFENSE,012,24
03/26/2006 08:00:00 PM,THEFT,014,24
03/25/2006 05:00:00 PM,BURGLARY,016,17
03/26/2006 07:30:00 PM,OTHER OFFENSE,007,67
03/26/2006 07:00:00 PM,BURGLARY,019,6
03/26/2006 03:45:00 PM,ASSAULT,019,6
03/26/2006 09:00:00 PM,NARCOTICS,016,15
03/26/2006 09:15:00 PM,NARCOTICS,025,20
03/23/2006 03:00:00 PM,THEFT,019,3
01/22/2006 02:50:00 PM,CRIMINAL DAMAGE,017,12
03/23/2006 03:00:00 PM,THEFT,019,3
01/19/2006 07:00:00 AM,CRIMINAL DAMAGE,003,69
03/26/2006 12:35:00 PM,THEFT,019,6
01/19/2006 07:10:00 AM,CRIMINAL DAMAGE,008,62
01/23/2006 08:00:00 AM,CRIMINAL DAMAGE,014,22
03/26/2006 06:30:00 AM,BATTERY,019,6
03/18/2006 09:00:00 PM,MOTOR VEHICLE THEFT,012,27
01/23/2006 10:00:00 AM,CRIMINAL DAMAGE,012,28
01/24/2006 07:45:00 AM,CRIMINAL DAMAGE,007,68
03/26/2006 04:43:00 PM,ROBBERY,025,25
03/26/2006 06:58:00 PM,SEX OFFENSE,019,3
03/19/2006 12:00:00 AM,OTHER OFFENSE,016,11
01/24/2006 11:40:00 AM,CRIMINAL DAMAGE,009,61
03/26/2006 07:30:00 AM,MOTOR VEHICLE THEFT,015,25
02/08/2006 08:35:00 PM,PROSTITUTION,018,8
03/27/2006 08:00:00 PM,THEFT,003,69
03/21/2006 07:25:00 PM,THEFT,007,68
03/28/2006 09:25:00 AM,THEFT,012,24
03/27/2006 06:00:00 PM,CRIMINAL DAMAGE,017,13
03/25/2006 04:30:00 AM,BATTERY,005,53
03/27/2006 05:00:00 PM,THEFT,006,71
03/27/2006 06:30:00 PM,OTHER OFFENSE,009,61
03/19/2006 03:20:30 PM,THEFT,017,15
03/27/2006 11:45:00 PM,ASSAULT,022,74
03/27/2006 09:00:00 AM,THEFT,003,42
02/12/2006 09:15:00 PM,NARCOTICS,010,30
03/18/2006 04:30:00 PM,CRIMINAL DAMAGE,005,49
03/26/2006 09:00:00 PM,ROBBERY,015,25
03/25/2006 12:00:00 PM,OFFENSE INVOLVING CHILDREN,009,61
03/27/2006 06:00:00 PM,THEFT,006,69
03/25/2006 03:30:00 PM,MOTOR VEHICLE THEFT,024,1
03/28/2006 01:25:50 AM,CRIMINAL DAMAGE,005,54
03/21/2006 07:57:00 PM,CRIMINAL DAMAGE,006,69
03/27/2006 05:30:00 PM,CRIMINAL DAMAGE,016,15
08/08/2005 06:00:00 PM,THEFT,007,68
02/08/2006 09:40:38 PM,NARCOTICS,015,25
03/24/2006 11:00:00 PM,BATTERY,022,72
02/12/2006 10:40:00 PM,NARCOTICS,010,29
03/27/2006 04:43:00 PM,CRIMINAL DAMAGE,010,30
03/27/2006 05:00:00 PM,BATTERY,006,44
03/26/2006 02:15:00 PM,BATTERY,025,19
03/27/2006 03:00:00 PM,THEFT,019,6
03/22/2006 10:31:29 PM,THEFT,006,49
03/27/2006 11:20:00 AM,BATTERY,011,26
03/27/2006 08:30:00 PM,BATTERY,006,49
02/09/2006 02:40:00 PM,NARCOTICS,025,25
03/27/2006 09:00:00 PM,CRIMINAL DAMAGE,020,4
03/26/2006 05:09:00 PM,BATTERY,005,49
02/12/2006 11:00:00 PM,NARCOTICS,009,58
03/25/2006 12:00:00 PM,BATTERY,022,49
03/26/2006 02:50:00 AM,BATTERY,025,25
03/27/2006 09:00:00 AM,THEFT,006,44
03/23/2006 07:14:40 PM,BATTERY,006,44
03/27/2006 02:30:00 PM,CRIMINAL DAMAGE,010,30
03/26/2006 01:00:00 PM,ASSAULT,005,53
03/26/2006 06:00:00 PM,THEFT,006,71
02/27/2006 02:00:00 PM,THEFT,008,63
03/24/2006 09:08:24 AM,CRIMINAL DAMAGE,006,49
03/27/2006 09:30:00 PM,OFFENSE INVOLVING CHILDREN,006,69
03/26/2006 03:00:00 PM,ASSAULT,005,49
02/05/2006 11:38:10 PM,NARCOTICS,011,23
02/09/2006 02:55:00 PM,NARCOTICS,025,25
03/22/2006 07:00:00 AM,BURGLARY,002,38
03/27/2006 04:30:00 PM,BURGLARY,018,8
02/14/2006 08:00:00 AM,THEFT,001,33
03/27/2006 04:00:00 PM,BURGLARY,010,29
03/26/2006 07:49:00 PM,ASSAULT,024,2
03/29/2006 02:17:08 PM,BATTERY,024,1
03/29/2006 07:00:00 PM,ASSAULT,012,28
03/29/2006 03:25:00 PM,BATTERY,020,77
03/29/2006 06:00:00 PM,THEFT,001,32
12/29/2005 05:51:08 PM,BATTERY,004,43
03/16/2006 03:00:00 PM,BATTERY,008,62
03/27/2006 04:00:00 PM,BURGLARY,009,60
03/29/2006 08:00:00 PM,THEFT,014,24
03/26/2006 12:57:00 AM,CRIMINAL DAMAGE,007,68
03/29/2006 11:10:00 PM,CRIMINAL DAMAGE,012,31
03/27/2006 11:00:00 AM,ASSAULT,009,34
03/29/2006 09:15:00 AM,BATTERY,004,51
03/26/2006 01:20:00 AM,ROBBERY,007,67
03/29/2006 08:00:00 AM,BATTERY,020,77
03/28/2006 09:40:00 AM,THEFT,001,32
03/29/2006 07:00:00 AM,ASSAULT,004,51
03/29/2006 05:30:00 PM,BATTERY,008,70
03/28/2006 09:15:00 PM,SEX OFFENSE,001,32
03/28/2006 07:00:00 PM,BURGLARY,024,1
03/29/2006 04:30:00 PM,BATTERY,008,66
03/29/2006 03:40:00 PM,BATTERY,020,3
03/26/2006 11:30:00 AM,DECEPTIVE PRACTICE,004,43
03/28/2006 05:00:00 PM,THEFT,012,28
03/02/2005 04:28:59 AM,CRIMINAL DAMAGE,022,73
03/29/2006 07:00:00 PM,SEX OFFENSE,009,61
03/29/2006 05:00:00 PM,BATTERY,004,46
03/27/2006 02:00:00 PM,CRIMINAL TRESPASS,012,31
03/29/2006 11:27:03 AM,BATTERY,024,1
03/29/2006 09:53:39 AM,THEFT,022,74
03/29/2006 03:00:00 PM,BATTERY,008,65
03/26/2006 01:20:00 AM,BATTERY,007,68
03/28/2006 06:00:00 PM,CRIMINAL DAMAGE,019,5
03/29/2006 09:00:00 PM,THEFT,012,24
03/20/2006 12:00:00 PM,MOTOR VEHICLE THEFT,016,15
03/29/2006 07:20:00 PM,PUBLIC PEACE VIOLATION,020,77
03/30/2006 12:00:00 AM,CRIMINAL DAMAGE,008,66
03/29/2006 08:30:00 AM,ASSAULT,004,46
03/26/2006 01:20:00 AM,THEFT,007,68
03/29/2006 01:50:00 PM,THEFT,008,66
02/26/2006 06:30:00 PM,THEFT,024,2
03/28/2006 06:20:00 PM,THEFT,022,75
03/29/2006 09:30:00 PM,MOTOR VEHICLE THEFT,016,17
03/28/2006 06:00:00 AM,THEFT,018,7
03/27/2006 02:29:35 PM,CRIMINAL TRESPASS,024,77
03/27/2006 09:00:00 PM,MOTOR VEHICLE THEFT,009,63
03/28/2006 07:24:00 AM,ASSAULT,022,73
03/30/2006 08:00:00 AM,BURGLARY,017,14
03/31/2006 05:00:00 PM,CRIMINAL DAMAGE,015,25
03/29/2006 01:15:00 PM,ASSAULT,006,71
03/31/2006 09:05:00 AM,OTHER OFFENSE,017,16
03/31/2006 11:00:00 PM,THEFT,004,48
03/31/2006 01:25:00 AM,CRIMINAL DAMAGE,015,25
03/30/2006 09:45:00 AM,CRIMINAL DAMAGE,006,44
02/06/2006 01:50:34 AM,PROSTITUTION,025,20
03/31/2006 10:00:00 PM,BATTERY,015,25
04/01/2006 06:20:00 AM,THEFT,001,33
03/31/2006 02:05:00 AM,CRIMINAL DAMAGE,006,44
03/30/2006 04:00:00 PM,THEFT,001,32
03/31/2006 05:10:00 PM,CRIMINAL DAMAGE,006,44
03/25/2006 10:15:00 PM,BATTERY,006,71
03/31/2006 09:40:00 AM,BATTERY,017,14
03/30/2006 02:50:00 PM,THEFT,007,68
03/31/2006 01:10:00 PM,CRIMINAL DAMAGE,015,25
03/29/2006 07:45:00 PM,CRIMINAL DAMAGE,011,26
03/31/2006 12:10:00 AM,BATTERY,017,14
04/01/2006 12:30:00 AM,THEFT,019,6
03/29/2006 07:30:00 PM,CRIMINAL TRESPASS,015,25
03/31/2006 03:14:00 AM,CRIMINAL DAMAGE,006,71
04/01/2006 04:08:47 AM,BATTERY,001,33
03/31/2006 02:00:00 PM,THEFT,001,35
03/28/2006 07:30:00 AM,BATTERY,006,44
04/01/2006 12:00:00 AM,THEFT,014,22
03/31/2006 11:00:00 PM,MOTOR VEHICLE THEFT,012,24
04/01/2006 05:30:00 AM,THEFT,001,32
04/01/2006 01:30:00 AM,PUBLIC PEACE VIOLATION,016,11
03/31/2006 10:50:00 AM,THEFT,001,32
03/19/2006 05:10:00 PM,CRIMINAL DAMAGE,011,29
03/31/2006 02:30:00 PM,CRIMINAL DAMAGE,008,64
03/07/2006 09:00:00 AM,THEFT,017,16
03/30/2006 12:32:00 AM,BATTERY,018,8
02/17/2006 04:00:00 PM,THEFT,025,19
03/31/2006 03:50:00 PM,BATTERY,004,52
03/21/2006 02:30:00 PM,BURGLARY,006,69
02/06/2006 08:22:40 AM,PROSTITUTION,011,25
03/31/2006 07:30:00 PM,THEFT,009,34
04/01/2006 12:00:00 AM,THEFT,018,7
03/29/2006 03:00:00 PM,BATTERY,006,44
03/31/2006 01:45:00 AM,ROBBERY,008,66
03/31/2006 10:35:00 AM,ROBBERY,017,14
03/30/2006 12:40:00 AM,CRIMINAL DAMAGE,011,26
03/14/2006 06:22:00 PM,DECEPTIVE PRACTICE,018,7
03/31/2006 03:00:00 PM,BATTERY,004,46
02/06/2006 08:20:00 AM,PROSTITUTION,011,25
03/31/2006 12:11:27 PM,BATTERY,015,25
03/29/2006 08:10:00 PM,CRIMINAL TRESPASS,006,44
04/01/2006 03:28:25 AM,CRIMINAL DAMAGE,015,25
10/02/2007 09:30:00 AM,BURGLARY,005,53
09/25/2007 09:35:53 PM,NARCOTICS,005,49
10/02/2007 01:00:00 PM,BURGLARY,017,16
10/02/2007 11:25:43 AM,CRIMINAL DAMAGE,009,61
10/02/2007 07:25:00 PM,BATTERY,010,30
10/02/2007 03:15:00 PM,NARCOTICS,004,46
10/02/2007 11:55:38 AM,BATTERY,007,68
10/01/2007 10:38:00 AM,OTHER OFFENSE,016,76
09/28/2007 11:30:00 PM,BATTERY,007,68
10/02/2007 05:00:00 PM,BATTERY,024,1
06/01/2007 12:00:00 PM,THEFT,018,7
10/02/2007 11:38:08 AM,CRIMINAL TRESPASS,007,67
10/01/2007 06:00:00 PM,PUBLIC PEACE VIOLATION,009,61
09/29/2007 10:58:00 AM,ASSAULT,005,53
10/02/2007 11:30:00 PM,THEFT,005,49
09/27/2007 10:20:00 PM,BATTERY,011,26
10/01/2007 08:55:00 AM,OTHER OFFENSE,008,65
10/02/2007 11:39:22 PM,BATTERY,004,46
09/25/2007 10:12:46 PM,NARCOTICS,005,53
10/02/2007 05:40:00 PM,CRIMINAL DAMAGE,017,14
10/02/2007 04:15:00 AM,BATTERY,010,30
10/01/2007 10:50:00 PM,BATTERY,022,75
09/15/2007 02:30:00 PM,THEFT,001,32
09/29/2007 05:50:00 PM,BATTERY,010,29
09/28/2007 12:50:00 AM,BATTERY,011,23
09/28/2007 06:00:00 PM,BATTERY,007,68
09/24/2007 09:40:00 PM,NARCOTICS,005,49
10/02/2007 09:35:00 PM,INTERFERENCE WITH PUBLIC OFFICER,005,53
10/02/2007 11:30:00 PM,NARCOTICS,004,48
10/02/2007 11:23:03 PM,NARCOTICS,015,25
10/02/2007 10:10:00 PM,BATTERY,005,50
09/29/2007 03:00:00 AM,BATTERY,011,23
10/02/2007 09:00:00 AM,THEFT,010,29
10/02/2007 02:26:49 PM,BATTERY,009,37
07/30/2007 03:09:00 PM,NARCOTICS,011,27
10/02/2007 12:30:00 PM,BURGLARY,009,60
09/29/2007 02:00:00 PM,CRIMINAL DAMAGE,007,68
10/02/2007 03:20:00 AM,CRIMINAL DAMAGE,005,54
09/22/2007 02:00:00 PM,MOTOR VEHICLE THEFT,008,66
09/22/2007 11:48:00 PM,NARCOTICS,010,29
10/02/2007 08:00:00 AM,BURGLARY,004,43
10/02/2007 04:19:57 PM,NARCOTICS,015,25
09/29/2007 01:50:00 AM,BATTERY,011,27
09/29/2007 06:15:00 PM,THEFT,001,32
09/30/2007 12:10:00 PM,NARCOTICS,012,31
05/08/2006 09:00:00 AM,THEFT,007,69
10/02/2007 06:30:00 PM,OTHER OFFENSE,016,76
09/24/2007 10:01:09 PM,NARCOTICS,005,49
10/03/2007 04:00:00 AM,CRIMINAL DAMAGE,024,1
10/02/2007 07:05:38 PM,THEFT,009,61
10/02/2007 11:15:00 AM,THEFT,025,22
10/02/2007 06:46:02 PM,PROSTITUTION,007,67
09/30/2007 12:45:00 AM,BATTERY,006,44
07/24/2007 10:30:00 PM,NARCOTICS,011,23
10/02/2007 09:40:00 PM,ROBBERY,008,66
09/26/2007 10:51:00 PM,BATTERY,017,15
10/02/2007 08:05:20 PM,NARCOTICS,022,73
10/02/2007 04:30:00 PM,BATTERY,004,48
10/02/2007 01:00:00 AM,CRIMINAL DAMAGE,007,68
09/27/2007 08:40:00 AM,THEFT,018,7
10/02/2007 10:58:00 PM,NARCOTICS,019,3
10/01/2007 09:11:10 PM,CRIMINAL DAMAGE,024,1
10/02/2007 07:00:00 PM,THEFT,010,30
10/02/2007 06:46:02 PM,PROSTITUTION,007,67
09/28/2007 04:58:00 PM,PUBLIC PEACE VIOLATION,003,43
09/22/2007 12:40:00 AM,PROSTITUTION,018,8
09/23/2007 03:40:00 AM,PUBLIC PEACE VIOLATION,011,26
10/03/2007 12:01:00 AM,THEFT,012,24
09/28/2007 08:30:00 AM,BURGLARY,017,14
09/30/2007 06:00:00 PM,THEFT,024,1
09/30/2007 08:00:00 AM,DECEPTIVE PRACTICE,006,49
10/02/2007 04:40:00 PM,ASSAULT,004,55
10/02/2007 01:44:00 AM,ROBBERY,007,69
10/02/2007 11:00:00 PM,THEFT,019,6
10/02/2007 06:46:02 PM,PROSTITUTION,007,67
09/27/2007 02:00:00 PM,CRIMINAL TRESPASS,011,26
10/02/2007 07:00:00 PM,BURGLARY,008,65
09/04/2007 09:00:00 AM,DECEPTIVE PRACTICE,003,69
10/02/2007 03:10:00 PM,CRIMINAL TRESPASS,001,35
09/30/2007 12:45:00 PM,CRIMINAL TRESPASS,006,71
10/02/2007 09:20:13 PM,CRIMINAL DAMAGE,024,2
10/02/2007 09:00:00 PM,CRIMINAL DAMAGE,005,49
10/02/2007 06:46:02 PM,PROSTITUTION,007,67
10/02/2007 08:45:51 PM,GAMBLING,022,75
07/30/2007 10:00:00 PM,NARCOTICS,011,27
12/13/2005 12:00:00 AM,THEFT,008,56
09/21/2007 11:30:00 PM,PROSTITUTION,018,7
10/02/2007 10:45:00 PM,CRIMINAL DAMAGE,012,24
09/26/2007 09:26:00 PM,CRIMINAL TRESPASS,011,27
10/02/2007 06:55:00 PM,BATTERY,004,55
09/30/2007 01:00:00 PM,DECEPTIVE PRACTICE,006,44
09/30/2007 10:00:00 PM,BURGLARY,017,14
10/02/2007 02:40:00 AM,CRIMINAL DAMAGE,007,69
09/20/2007 01:00:00 PM,DECEPTIVE PRACTICE,003,42
09/29/2007 11:30:00 PM,BATTERY,006,44
10/02/2007 10:30:00 PM,THEFT,022,75
09/22/2007 08:10:23 PM,NARCOTICS,018,8
10/02/2007 06:46:02 PM,PROSTITUTION,007,67
09/30/2007 08:30:00 PM,THEFT,016,10
09/30/2007 08:07:00 PM,MOTOR VEHICLE THEFT,009,37
10/03/2007 02:00:39 AM,CRIMINAL TRESPASS,002,40
09/18/2007 04:00:00 AM,OTHER OFFENSE,011,25
09/28/2007 07:30:00 AM,BATTERY,024,77
10/02/2007 08:31:30 PM,NARCOTICS,007,67
09/23/2007 12:50:00 PM,NARCOTICS,018,8
10/02/2007 07:10:00 PM,BATTERY,004,55
09/30/2007 10:00:00 PM,BURGLARY,017,14
10/01/2007 02:00:00 PM,THEFT,025,19
09/28/2007 03:45:00 PM,CRIMINAL TRESPASS,016,10
10/02/2007 05:00:00 PM,THEFT,017,16
09/27/2007 02:00:00 PM,CRIMINAL DAMAGE,024,2
10/02/2007 03:40:00 AM,BATTERY,007,67
10/03/2007 09:00:00 AM,THEFT,007,67
09/26/2007 01:00:00 AM,OTHER OFFENSE,011,23
09/30/2007 02:30:00 AM,THEFT,009,61
10/03/2007 03:50:00 AM,MOTOR VEHICLE THEFT,022,75
09/30/2007 09:00:00 PM,OTHER OFFENSE,006,44
10/02/2007 12:24:12 AM,CRIMINAL TRESPASS,017,16
10/03/2007 12:15:00 AM,BATTERY,002,38
09/30/2007 05:00:00 PM,CRIMINAL DAMAGE,024,2
10/02/2007 04:45:00 AM,ROBBERY,007,67
09/23/2007 08:40:00 PM,NARCOTICS,018,8
10/01/2007 01:30:00 AM,THEFT,006,44
10/02/2007 07:30:00 PM,OFFENSE INVOLVING CHILDREN,004,51
10/02/2007 11:00:00 PM,THEFT,016,10
10/01/2007 07:45:00 PM,OTHER OFFENSE,024,2
10/01/2007 03:50:00 PM,BATTERY,016,17
10/02/2007 02:22:51 PM,THEFT,007,68
09/30/2007 01:41:00 PM,OTHER OFFENSE,002,35
10/01/2007 03:00:00 PM,BURGLARY,010,29
09/09/2007 12:00:00 PM,OTHER OFFENSE,011,23
10/03/2007 12:01:00 AM,THEFT,012,24
10/01/2007 01:04:42 AM,SEX OFFENSE,024,1
09/30/2007 03:23:00 PM,THEFT,025,19
07/27/2008 03:00:00 PM,CRIMINAL DAMAGE,019,6
07/19/2008 08:05:00 AM,THEFT,016,76
07/15/2008 10:00:00 PM,THEFT,012,24
07/21/2008 10:45:00 AM,NARCOTICS,011,29
07/25/2008 06:30:00 AM,BATTERY,025,19
07/24/2008 07:14:00 PM,NARCOTICS,011,26
07/25/2008 06:00:00 AM,ASSAULT,010,30
07/27/2008 03:00:00 AM,BATTERY,025,23
07/28/2008 11:00:00 AM,THEFT,016,15
07/23/2008 10:32:51 PM,CRIMINAL TRESPASS,010,29
07/28/2008 11:40:00 AM,BURGLARY,006,44
07/28/2008 01:31:19 AM,CRIMINAL DAMAGE,011,26
07/27/2008 01:48:45 AM,BATTERY,011,27
06/19/2008 10:34:29 AM,NARCOTICS,008,66
07/27/2008 04:05:11 PM,BATTERY,011,27
06/19/2008 08:18:24 PM,NARCOTICS,008,66
07/27/2008 03:00:00 PM,CRIMINAL DAMAGE,011,29
06/19/2008 09:40:19 PM,NARCOTICS,008,70
07/27/2008 07:44:20 AM,BURGLARY,011,29
07/25/2008 08:00:00 PM,CRIMINAL DAMAGE,006,71
07/27/2008 09:21:58 AM,THEFT,011,27
07/27/2008 01:14:22 AM,BATTERY,011,23
06/19/2008 07:21:09 PM,GAMBLING,008,56
07/27/2008 05:14:49 PM,ASSAULT,011,26
07/27/2008 04:40:00 PM,ROBBERY,005,49
07/28/2008 12:37:57 AM,BATTERY,011,23
06/19/2008 10:02:41 PM,NARCOTICS,008,66
07/25/2008 09:30:00 PM,BATTERY,006,49
07/27/2008 11:47:27 PM,BATTERY,011,23
07/24/2008 10:15:00 PM,BATTERY,025,23
07/23/2008 10:05:00 PM,BATTERY,016,76
07/23/2008 09:00:00 AM,DECEPTIVE PRACTICE,004,55
07/26/2008 07:40:00 AM,ASSAULT,015,25
07/27/2008 12:00:00 PM,CRIMINAL DAMAGE,005,49
07/23/2008 12:00:00 PM,CRIMINAL TRESPASS,025,23
07/27/2008 08:00:00 PM,THEFT,016,10
07/28/2008 08:00:00 AM,BATTERY,004,52
07/23/2008 11:30:00 AM,MOTOR VEHICLE THEFT,015,25
07/28/2008 12:00:00 AM,THEFT,025,18
07/28/2008 11:50:00 AM,THEFT,003,43
07/26/2008 09:30:00 AM,ROBBERY,015,25
07/27/2008 09:16:38 AM,NARCOTICS,004,51
07/20/2008 08:30:00 PM,BATTERY,025,20
07/13/2008 12:31:00 AM,NARCOTICS,005,49
07/27/2008 11:00:00 PM,CRIMINAL DAMAGE,017,16
07/26/2008 01:01:00 AM,NARCOTICS,019,6
07/22/2008 08:30:00 PM,BATTERY,025,18
05/02/2008 05:00:00 PM,THEFT,001,33
07/01/2008 12:01:00 AM,CRIMINAL DAMAGE,025,20
07/24/2008 03:25:00 AM,BATTERY,007,68
07/24/2008 02:20:00 PM,CRIMINAL TRESPASS,010,29
07/27/2008 04:00:00 AM,BATTERY,008,70
07/23/2008 05:00:00 PM,BATTERY,025,19
07/24/2008 03:00:00 AM,THEFT,018,7
07/23/2008 08:00:00 PM,THEFT,007,68
07/23/2008 09:30:00 AM,CRIMINAL DAMAGE,010,30
07/23/2008 11:19:00 PM,CRIMINAL DAMAGE,025,19
07/01/2008 10:00:00 PM,OTHER OFFENSE,015,25
07/19/2008 09:00:00 PM,OTHER OFFENSE,004,51
07/26/2008 01:15:00 AM,ROBBERY,004,45
07/18/2008 11:00:00 PM,OTHER OFFENSE,025,20
07/27/2008 12:45:00 AM,CRIMINAL DAMAGE,008,66
07/23/2008 04:00:00 PM,CRIMINAL DAMAGE,025,18
07/08/2008 05:00:00 PM,OTHER OFFENSE,001,32
07/26/2008 10:00:00 PM,THEFT,005,50
07/26/2008 12:00:00 PM,DECEPTIVE PRACTICE,024,77
07/28/2008 12:00:00 AM,DECEPTIVE PRACTICE,011,23
07/27/2008 08:30:00 AM,BURGLARY,007,67
07/28/2008 09:30:00 AM,OTHER OFFENSE,001,28
06/10/2008 07:13:00 AM,STALKING,012,28
08/02/2008 04:00:00 AM,BATTERY,009,58
08/02/2008 05:38:47 PM,BATTERY,019,7
08/02/2008 06:35:00 PM,BATTERY,019,3
07/31/2008 07:45:21 PM,BATTERY,015,25
08/02/2008 05:53:00 PM,BATTERY,019,6
08/02/2008 04:44:00 AM,ASSAULT,012,31
07/31/2008 07:36:08 PM,BATTERY,015,25
08/02/2008 04:00:00 AM,BATTERY,009,61
08/02/2008 11:20:00 AM,BATTERY,012,31
08/02/2008 08:15:00 PM,CRIMINAL DAMAGE,012,24
08/01/2008 09:34:53 PM,BATTERY,019,3
08/02/2008 10:55:00 AM,BATTERY,019,6
08/02/2008 01:18:27 PM,ROBBERY,015,25
07/31/2008 11:50:00 AM,ASSAULT,009,60
08/02/2008 11:30:00 AM,ASSAULT,019,3
08/02/2008 12:00:00 PM,BATTERY,009,60
08/02/2008 12:00:00 PM,BATTERY,012,28
08/01/2008 08:36:00 AM,OFFENSE INVOLVING CHILDREN,009,61
07/26/2008 09:00:00 PM,ASSAULT,019,3
08/01/2008 04:41:00 PM,ASSAULT,015,25
08/02/2008 10:04:37 AM,ROBBERY,002,38
08/01/2008 08:06:11 PM,CRIM SEXUAL ASSAULT,015,25
08/02/2008 01:09:00 AM,BATTERY,012,31
08/02/2008 04:08:49 AM,BURGLARY,002,38
08/01/2008 11:40:00 PM,BATTERY,019,6
07/26/2008 09:00:00 PM,ROBBERY,009,58
08/01/2008 09:01:27 PM,CRIM SEXUAL ASSAULT,015,25
08/02/2008 04:30:00 PM,ASSAULT,012,31
07/11/2008 08:00:00 AM,DECEPTIVE PRACTICE,009,61
01/03/2008 07:28:29 PM,NARCOTICS,002,38
08/02/2008 05:00:56 AM,BATTERY,002,35
08/01/2008 04:04:10 PM,ASSAULT,015,25
08/02/2008 07:20:00 PM,BATTERY,012,31
08/02/2008 10:03:48 AM,BURGLARY,004,46
08/01/2008 11:46:04 PM,BATTERY,002,40
08/01/2008 11:51:50 AM,BURGLARY,015,25
08/02/2008 08:13:07 AM,BATTERY,002,38
08/02/2008 08:50:40 PM,BURGLARY,004,43
08/02/2008 02:20:42 PM,BATTERY,002,38
08/01/2008 01:46:00 PM,ROBBERY,010,29
08/01/2008 04:49:56 PM,CRIMINAL TRESPASS,015,25
08/02/2008 01:08:32 PM,BATTERY,002,40
08/01/2008 10:30:00 PM,ASSAULT,009,61
08/02/2008 03:10:00 AM,ROBBERY,019,4
08/01/2008 03:50:00 AM,MOTOR VEHICLE THEFT,010,29
08/01/2008 06:22:12 PM,DECEPTIVE PRACTICE,015,25
02/20/2008 09:50:00 PM,NARCOTICS,025,25
08/02/2008 09:00:00 AM,THEFT,009,60
08/02/2008 07:03:02 AM,BATTERY,002,35
08/02/2008 04:37:47 PM,DECEPTIVE PRACTICE,002,35
08/01/2008 03:37:53 PM,ASSAULT,015,25
07/31/2008 01:50:00 AM,ROBBERY,010,30
07/29/2008 01:50:00 AM,BATTERY,009,34
08/01/2008 11:58:00 PM,CRIMINAL TRESPASS,012,28
07/31/2008 08:45:00 PM,BURGLARY,019,5
08/02/2008 02:52:00 AM,BATTERY,012,28
07/29/2008 12:05:00 PM,ASSAULT,015,25
08/02/2008 03:59:00 AM,BURGLARY,012,28
08/02/2008 04:00:59 AM,BATTERY,015,25
08/02/2008 03:58:00 AM,BATTERY,010,30
08/02/2008 10:45:00 PM,OTHER OFFENSE,012,31
08/02/2008 06:50:01 PM,CRIMINAL TRESPASS,002,40
07/30/2008 01:04:33 PM,BURGLARY,015,25
05/19/2008 01:00:00 AM,ASSAULT,025,22
08/02/2008 01:41:03 AM,ROBBERY,015,25
09/16/2009 04:15:00 PM,BATTERY,014,24
09/30/2009 01:27:00 PM,CRIMINAL TRESPASS,003,69
09/30/2009 02:50:00 PM,CRIMINAL TRESPASS,017,16
09/30/2009 03:00:00 PM,ASSAULT,003,43
09/30/2009 12:20:00 PM,CRIMINAL TRESPASS,017,13
09/30/2009 01:30:00 PM,THEFT,010,30
09/25/2009 03:15:00 PM,OTHER OFFENSE,007,68
09/23/2009 12:00:00 PM,THEFT,002,34
09/28/2009 09:30:00 AM,BURGLARY,018,7
09/26/2009 09:00:00 PM,CRIMINAL DAMAGE,018,8
09/23/2009 12:00:00 AM,THEFT,019,6
09/30/2009 11:25:00 AM,OTHER OFFENSE,003,43
09/25/2009 09:14:00 AM,CRIMINAL DAMAGE,020,4
09/30/2009 02:55:00 PM,THEFT,005,49
09/30/2009 01:33:00 PM,THEFT,001,32
09/30/2009 01:45:00 PM,NARCOTICS,002,38
09/30/2009 02:45:00 PM,CRIMINAL DAMAGE,008,66
09/30/2009 01:40:00 PM,ASSAULT,011,27
09/30/2009 02:35:00 PM,CRIMINAL TRESPASS,016,10
01/21/2009 12:00:00 PM,OTHER OFFENSE,019,7
09/30/2009 03:35:00 PM,NARCOTICS,019,3
09/30/2009 12:39:00 PM,PROSTITUTION,008,56
09/29/2009 11:45:00 PM,CRIMINAL DAMAGE,017,13
07/15/2009 10:00:00 AM,OTHER OFFENSE,008,64
09/30/2009 10:00:00 AM,THEFT,012,24
09/25/2009 09:29:00 AM,OTHER OFFENSE,003,43
09/30/2009 02:15:00 PM,THEFT,018,7
09/30/2009 12:55:00 PM,NARCOTICS,008,70
09/30/2009 02:15:00 PM,THEFT,016,17
08/18/2009 12:00:00 PM,BURGLARY,019,6
09/26/2009 04:00:00 PM,DECEPTIVE PRACTICE,003,69
09/29/2009 10:00:00 PM,THEFT,008,70
09/30/2009 12:00:00 PM,THEFT,003,43
09/26/2009 04:00:00 AM,CRIMINAL DAMAGE,004,43
09/19/2009 02:00:00 PM,THEFT,018,8
09/30/2009 11:30:00 AM,OTHER OFFENSE,003,69
09/29/2009 07:00:00 PM,MOTOR VEHICLE THEFT,017,16
09/30/2009 12:00:00 PM,THEFT,001,28
09/29/2009 07:45:00 PM,THEFT,001,32
09/30/2009 04:30:00 AM,THEFT,012,28
09/30/2009 02:20:00 PM,CRIMINAL DAMAGE,018,8
09/24/2009 11:30:00 AM,THEFT,012,24
09/30/2009 03:20:00 PM,NARCOTICS,006,71
09/30/2009 01:55:00 PM,CRIMINAL TRESPASS,006,44
09/29/2009 10:14:00 PM,CRIMINAL TRESPASS,001,33
09/29/2009 06:30:00 PM,THEFT,018,7
09/28/2009 09:28:00 AM,DECEPTIVE PRACTICE,004,46
09/27/2009 09:30:00 PM,CRIM SEXUAL ASSAULT,007,67
09/29/2009 10:30:00 PM,BATTERY,020,2
09/30/2009 03:45:00 PM,NARCOTICS,015,25
09/30/2009 03:40:00 PM,BATTERY,008,66
09/29/2009 07:49:12 PM,OFFENSE INVOLVING CHILDREN,022,75
09/30/2009 03:30:00 PM,CRIMINAL DAMAGE,008,57
09/20/2009 04:00:00 PM,CRIMINAL DAMAGE,019,6
09/30/2009 12:00:00 AM,THEFT,019,6
09/30/2009 12:00:00 PM,THEFT,001,33
09/30/2009 03:53:00 PM,NARCOTICS,007,67
09/30/2009 04:00:00 PM,OTHER OFFENSE,004,51
09/25/2009 01:18:00 PM,CRIMINAL DAMAGE,025,19
09/25/2009 01:00:00 PM,CRIMINAL DAMAGE,019,5
10/11/2010 02:00:00 AM,CRIMINAL DAMAGE,016,76
10/10/2010 05:30:00 PM,CRIMINAL DAMAGE,005,53
09/21/2010 02:00:00 AM,CRIMINAL DAMAGE,016,15
10/11/2010 01:00:00 AM,THEFT,011,23
10/10/2010 12:00:00 AM,CRIMINAL DAMAGE,019,3
04/01/2010 12:00:00 PM,THEFT,011,27
10/11/2010 10:30:00 AM,THEFT,010,30
09/09/2010 07:20:00 AM,BATTERY,016,15
10/04/2010 12:00:00 PM,BURGLARY,004,46
10/08/2010 06:00:00 PM,MOTOR VEHICLE THEFT,007,69
10/09/2010 02:00:00 AM,MOTOR VEHICLE THEFT,008,57
10/11/2010 12:30:00 PM,BATTERY,011,28
10/10/2010 10:00:00 PM,BATTERY,007,67
10/09/2010 03:00:00 PM,THEFT,008,66
10/11/2010 09:30:00 AM,THEFT,011,29
10/04/2010 05:00:00 PM,THEFT,012,24
10/11/2010 12:20:00 PM,NARCOTICS,011,23
10/11/2010 12:00:00 AM,THEFT,008,70
10/10/2010 12:01:00 AM,CRIMINAL DAMAGE,009,61
10/11/2010 12:00:00 PM,ROBBERY,011,26
10/11/2010 10:45:00 AM,THEFT,001,32
10/11/2010 12:00:00 PM,OTHER OFFENSE,016,17
10/10/2010 08:00:00 AM,BURGLARY,024,2
10/10/2010 09:30:00 PM,ROBBERY,011,26
10/11/2010 03:00:00 AM,MOTOR VEHICLE THEFT,025,19
10/11/2010 07:15:00 AM,CRIMINAL DAMAGE,012,28
10/10/2010 04:30:00 PM,THEFT,025,21
10/11/2010 12:23:00 PM,BURGLARY,014,24
09/28/2010 02:00:00 PM,MOTOR VEHICLE THEFT,006,44
10/11/2010 12:50:00 PM,NARCOTICS,014,22
10/10/2010 11:00:00 PM,THEFT,001,28
10/11/2010 11:50:00 AM,ROBBERY,001,32
10/11/2010 02:00:00 AM,BATTERY,017,14
10/09/2010 06:00:00 AM,BURGLARY,006,69
10/10/2010 10:00:00 PM,MOTOR VEHICLE THEFT,003,43
10/11/2010 12:20:00 PM,NARCOTICS,008,66
10/10/2010 09:30:00 PM,BATTERY,019,3
10/07/2010 08:00:00 PM,BATTERY,010,29
10/11/2010 11:24:00 AM,THEFT,017,13
10/11/2010 12:30:00 PM,ASSAULT,024,77
10/07/2010 10:20:00 PM,PUBLIC PEACE VIOLATION,005,54
10/11/2010 10:40:00 AM,BATTERY,011,26
10/11/2010 11:32:00 AM,BATTERY,011,26
10/11/2010 11:55:00 AM,NARCOTICS,002,41
09/27/2010 02:20:00 PM,ASSAULT,012,28
10/07/2010 07:10:00 AM,BATTERY,005,53
10/08/2010 10:30:00 AM,PUBLIC PEACE VIOLATION,018,8
10/11/2010 05:15:00 AM,ROBBERY,010,30
10/10/2010 01:00:00 AM,PUBLIC PEACE VIOLATION,019,3
10/11/2010 06:30:00 AM,BATTERY,004,52
10/11/2010 12:40:00 PM,NARCOTICS,012,31
10/11/2010 11:20:00 AM,BATTERY,003,42
10/07/2010 09:55:00 AM,CRIMINAL TRESPASS,005,50
10/09/2010 12:01:00 AM,THEFT,019,6
09/25/2011 04:49:00 PM,NARCOTICS,011,27
09/25/2011 04:53:00 PM,ASSAULT,017,21
09/25/2011 03:56:00 PM,WEAPONS VIOLATION,007,67
09/24/2011 10:00:00 PM,CRIMINAL DAMAGE,025,19
09/25/2011 12:01:00 AM,CRIMINAL DAMAGE,018,8
09/25/2011 05:05:00 PM,NARCOTICS,015,25
09/25/2011 05:50:00 PM,BATTERY,016,10
09/22/2011 11:45:00 PM,ROBBERY,006,71
09/25/2011 04:00:00 PM,CRIMINAL DAMAGE,005,49
09/24/2011 04:45:00 PM,THEFT,019,5
09/25/2011 05:00:00 PM,DECEPTIVE PRACTICE,001,32
09/23/2011 12:00:00 PM,THEFT,018,7
09/25/2011 04:55:00 PM,CRIMINAL DAMAGE,022,73
09/25/2011 04:15:00 PM,THEFT,008,62
09/25/2011 05:45:00 PM,NARCOTICS,015,25
09/25/2011 05:04:00 PM,CRIMINAL DAMAGE,015,25
09/25/2011 05:20:00 PM,CRIMINAL DAMAGE,015,25
09/25/2011 12:00:00 PM,THEFT,019,5
09/24/2011 03:00:00 PM,CRIMINAL DAMAGE,003,43
09/25/2011 07:15:00 PM,BATTERY,003,43
09/25/2011 06:10:00 PM,NARCOTICS,011,27
09/24/2011 10:00:00 PM,ASSAULT,011,26
09/25/2011 04:59:00 PM,BATTERY,011,29
09/24/2011 09:10:00 PM,ASSAULT,011,23
09/25/2011 05:40:00 PM,OTHER OFFENSE,009,60
09/25/2011 05:30:00 PM,DECEPTIVE PRACTICE,001,32
09/25/2011 04:50:00 PM,CRIMINAL DAMAGE,010,30
09/24/2011 07:00:00 PM,BURGLARY,018,7
09/23/2011 09:00:00 AM,MOTOR VEHICLE THEFT,005,49
09/25/2011 03:50:00 PM,THEFT,018,8
09/25/2011 12:01:00 AM,MOTOR VEHICLE THEFT,005,49
09/25/2011 11:00:00 AM,ASSAULT,003,43
09/24/2011 04:30:00 PM,ROBBERY,024,1
09/23/2011 08:00:00 PM,THEFT,019,6
09/25/2011 04:50:00 PM,THEFT,024,1
09/21/2011 04:13:00 PM,CRIMINAL DAMAGE,018,8
09/25/2011 03:00:00 PM,ROBBERY,024,1
09/25/2011 01:30:00 PM,THEFT,012,27
09/25/2011 04:30:00 PM,ASSAULT,006,71
09/24/2011 09:30:00 PM,THEFT,001,33
09/24/2011 01:30:00 PM,THEFT,002,40
09/23/2011 02:00:00 PM,CRIMINAL DAMAGE,024,2
09/22/2011 04:00:00 PM,OTHER OFFENSE,020,4
09/25/2011 05:30:00 PM,ASSAULT,001,33
08/04/2011 11:00:00 AM,DECEPTIVE PRACTICE,002,38
09/25/2011 05:50:00 PM,CRIMINAL DAMAGE,008,66
09/25/2011 03:00:00 PM,THEFT,001,33
09/24/2011 04:00:00 PM,CRIMINAL DAMAGE,008,70
09/25/2011 06:03:00 PM,THEFT,004,51
09/25/2011 06:20:00 PM,ROBBERY,008,66
09/24/2011 11:00:00 PM,MOTOR VEHICLE THEFT,010,29
09/24/2011 07:00:00 PM,MOTOR VEHICLE THEFT,005,50
09/25/2011 03:30:00 PM,MOTOR VEHICLE THEFT,010,30
09/24/2011 10:30:00 PM,CRIMINAL DAMAGE,020,77
09/18/2012 02:50:00 PM,WEAPONS VIOLATION,007,69
09/18/2012 03:24:00 PM,NARCOTICS,014,23
09/18/2012 02:00:00 PM,NARCOTICS,007,68
09/17/2012 10:00:00 PM,ROBBERY,011,26
09/18/2012 02:57:00 PM,WEAPONS VIOLATION,018,8
09/18/2012 01:30:00 PM,THEFT,008,66
09/17/2012 12:01:00 AM,THEFT,025,20
09/17/2012 08:00:00 AM,BURGLARY,007,67
09/16/2012 12:00:00 PM,THEFT,019,5
09/14/2012 08:10:00 PM,ASSAULT,007,68
09/18/2012 02:54:00 PM,NARCOTICS,015,25
09/18/2012 03:00:00 PM,NARCOTICS,003,42
09/17/2012 12:15:00 PM,DECEPTIVE PRACTICE,001,33
09/18/2012 06:50:00 AM,THEFT,001,32
09/16/2012 09:15:00 PM,ROBBERY,007,67
09/14/2012 09:00:00 AM,DECEPTIVE PRACTICE,018,8
09/17/2012 10:30:00 PM,THEFT,018,8
09/18/2012 02:50:00 PM,THEFT,007,68
09/16/2012 02:00:00 PM,THEFT,025,23
09/18/2012 01:00:00 PM,THEFT,003,43
09/18/2012 02:00:00 PM,THEFT,018,8
09/15/2012 05:00:00 PM,DECEPTIVE PRACTICE,009,61
09/18/2012 04:10:00 PM,NARCOTICS,015,25
09/18/2012 01:15:00 PM,BURGLARY,004,43
09/09/2012 05:00:00 PM,BATTERY,010,29
09/18/2012 03:08:00 PM,CRIMINAL TRESPASS,001,35
09/14/2012 03:00:00 PM,THEFT,019,3
09/17/2012 12:10:00 PM,THEFT,016,12
09/17/2012 03:45:00 PM,BATTERY,001,32
09/17/2012 10:00:00 AM,ROBBERY,003,43
09/12/2012 08:00:00 PM,ASSAULT,010,30
09/18/2012 03:15:00 PM,BATTERY,024,1
07/17/2012 04:00:00 PM,MOTOR VEHICLE THEFT,008,70
09/18/2012 04:07:00 PM,NARCOTICS,006,71
09/18/2012 02:30:00 PM,ASSAULT,024,1
09/18/2012 12:10:00 PM,THEFT,001,32
09/17/2012 09:00:00 PM,BURGLARY,024,1
07/15/2012 05:00:00 PM,THEFT,001,33
10/29/2013 05:00:00 PM,DECEPTIVE PRACTICE,019,3
10/29/2013 05:59:00 PM,CRIMINAL TRESPASS,001,33
10/29/2013 05:21:00 PM,PUBLIC PEACE VIOLATION,007,67
10/29/2013 02:00:00 PM,THEFT,010,30
10/29/2013 05:30:00 PM,THEFT,008,66
10/29/2013 04:13:00 PM,WEAPONS VIOLATION,015,25
10/24/2013 02:30:00 PM,BURGLARY,010,29
10/29/2013 04:50:00 PM,ASSAULT,002,40
10/29/2013 03:20:00 PM,OFFENSE INVOLVING CHILDREN,019,7
10/20/2013 10:30:00 AM,THEFT,018,32
10/29/2013 04:30:00 PM,BATTERY,005,53
10/29/2013 02:00:00 PM,CRIMINAL DAMAGE,005,53
10/28/2013 11:00:00 PM,OTHER OFFENSE,007,67
10/29/2013 06:15:00 PM,CRIMINAL DAMAGE,015,25
10/29/2013 05:10:00 PM,CRIMINAL TRESPASS,005,49
10/29/2013 07:40:00 AM,THEFT,020,4
10/29/2013 04:40:00 PM,DECEPTIVE PRACTICE,019,3
10/29/2013 05:15:00 PM,BATTERY,006,71
10/29/2013 04:30:00 PM,THEFT,018,8
10/29/2013 06:00:00 PM,CRIMINAL DAMAGE,016,15
10/29/2013 09:00:00 AM,BURGLARY,005,53
10/29/2013 05:00:00 PM,THEFT,007,67
10/29/2013 05:30:00 PM,ASSAULT,012,24
10/29/2013 04:29:00 PM,ASSAULT,006,44
10/29/2013 04:51:00 PM,THEFT,014,22
10/27/2013 05:00:00 PM,THEFT,017,16
10/29/2013 04:30:00 PM,INTERFERENCE WITH PUBLIC OFFICER,011,23
10/29/2013 03:37:00 PM,BURGLARY,005,53
10/08/2013 01:00:00 AM,THEFT,014,24
10/29/2013 04:25:00 PM,CRIMINAL DAMAGE,007,68
10/29/2013 04:45:00 PM,BATTERY,003,43
10/29/2013 01:30:00 PM,OTHER OFFENSE,017,21
10/29/2013 04:52:00 PM,ROBBERY,006,71
07/01/2012 06:00:00 PM,DECEPTIVE PRACTICE,018,7
10/29/2013 01:30:00 PM,BURGLARY,007,68
05/01/2013 12:00:00 AM,THEFT,006,71
10/29/2013 03:00:00 PM,THEFT,018,8
10/29/2013 06:00:00 PM,INTERFERENCE WITH PUBLIC OFFICER,007,68
10/29/2013 05:00:00 PM,BATTERY,001,32
10/28/2013 06:30:00 PM,THEFT,003,69
10/29/2013 04:18:00 PM,ROBBERY,007,67
10/29/2013 08:15:00 AM,OTHER OFFENSE,002,36
10/29/2013 10:30:00 AM,BURGLARY,003,43
10/17/2013 09:00:00 AM,THEFT,003,43
10/29/2013 06:00:00 AM,BURGLARY,001,33
10/29/2013 02:20:00 PM,BATTERY,005,53
10/28/2013 06:05:00 PM,THEFT,006,69
10/29/2013 02:30:00 PM,THEFT,007,68
10/29/2013 05:35:00 PM,ASSAULT,024,2
10/27/2013 06:30:00 PM,BATTERY,020,4
10/29/2013 06:05:00 PM,BATTERY,008,66
10/29/2013 05:00:00 PM,PUBLIC PEACE VIOLATION,007,68
10/29/2013 06:00:00 PM,CRIMINAL DAMAGE,008,70
10/29/2013 03:10:00 PM,BATTERY,008,65
10/29/2013 03:45:00 PM,OTHER OFFENSE,008,65
10/20/2014 03:35:00 PM,THEFT,020,77
10/19/2014 11:45:00 PM,MOTOR VEHICLE THEFT,025,22
10/15/2014 12:00:00 PM,DECEPTIVE PRACTICE,014,22
10/19/2014 07:00:00 PM,THEFT,025,22
10/20/2014 03:05:00 PM,BATTERY,012,31
07/16/2014 12:00:00 AM,DECEPTIVE PRACTICE,003,40
10/15/2014 07:00:00 PM,OTHER OFFENSE,008,66
10/19/2014 09:30:00 PM,DECEPTIVE PRACTICE,005,49
10/18/2014 07:00:00 PM,BATTERY,025,19
10/20/2014 02:55:00 PM,CRIMINAL DAMAGE,002,40
10/20/2014 04:00:00 PM,BATTERY,003,69
10/20/2014 03:30:00 PM,BATTERY,003,43
10/20/2014 04:19:00 PM,NARCOTICS,003,42
10/07/2014 02:35:00 PM,THEFT,019,3
10/20/2014 12:45:00 PM,BATTERY,008,66
10/17/2014 09:00:00 PM,MOTOR VEHICLE THEFT,015,25
10/20/2014 03:50:00 PM,KIDNAPPING,002,35
10/20/2014 07:30:00 PM,CRIMINAL TRESPASS,018,8
10/19/2014 06:40:00 PM,BATTERY,002,38
10/20/2014 05:19:00 PM,INTERFERENCE WITH PUBLIC OFFICER,004,43
10/20/2014 03:50:00 PM,ROBBERY,002,38
10/19/2014 02:30:00 PM,BURGLARY,025,20
10/20/2014 04:16:00 PM,ASSAULT,024,77
10/20/2014 05:54:00 PM,NARCOTICS,011,26
10/20/2014 02:30:00 PM,BURGLARY,025,25
10/20/2014 04:00:00 PM,BATTERY,011,27
10/18/2014 05:00:00 PM,OTHER OFFENSE,025,20
10/03/2014 11:01:00 AM,OFFENSE INVOLVING CHILDREN,025,22
10/20/2014 05:00:00 PM,BATTERY,022,75
10/19/2014 06:00:00 PM,THEFT,009,34
10/17/2014 07:00:00 PM,THEFT,019,6
10/20/2014 09:40:00 AM,THEFT,005,49
10/20/2014 06:20:00 AM,DECEPTIVE PRACTICE,009,34
10/20/2014 03:57:00 PM,BATTERY,018,8
10/01/2014 09:00:00 AM,CRIMINAL DAMAGE,018,8
08/25/2014 12:00:00 PM,DECEPTIVE PRACTICE,009,61
10/20/2014 03:53:00 PM,INTERFERENCE WITH PUBLIC OFFICER,025,25
10/20/2014 12:00:00 PM,ASSAULT,012,31
10/20/2014 12:08:00 PM,PUBLIC PEACE VIOLATION,007,67
10/20/2014 05:00:00 PM,NARCOTICS,011,27
10/20/2014 05:17:00 PM,CRIMINAL TRESPASS,007,68
10/20/2014 04:54:00 PM,CRIMINAL TRESPASS,004,46
10/15/2014 09:00:00 AM,DECEPTIVE PRACTICE,004,46
10/20/2014 04:30:00 PM,CRIMINAL TRESPASS,007,68
10/19/2014 10:00:00 PM,THEFT,012,28
10/20/2014 04:50:00 PM,ASSAULT,018,7
10/20/2014 05:41:00 PM,CRIMINAL DAMAGE,015,25
10/19/2014 08:30:00 PM,THEFT,012,31
10/18/2014 02:30:00 PM,THEFT,012,28
10/20/2014 03:30:00 PM,CRIMINAL TRESPASS,015,25
10/18/2014 07:00:00 PM,CRIMINAL DAMAGE,018,7
10/20/2014 04:30:00 PM,BATTERY,001,32
10/17/2014 08:00:00 AM,THEFT,005,54
10/20/2014 01:00:00 AM,THEFT,012,31
10/17/2014 09:00:00 AM,THEFT,014,24
10/20/2014 07:30:00 AM,BURGLARY,020,4
10/20/2014 01:30:00 PM,THEFT,015,25
10/18/2014 08:00:00 AM,CRIMINAL TRESPASS,004,43
10/18/2014 04:00:00 PM,BURGLARY,004,51
10/20/2014 06:15:00 PM,NARCOTICS,004,55
10/20/2014 06:00:00 PM,THEFT,019,6
10/16/2014 07:00:00 AM,MOTOR VEHICLE THEFT,004,52
10/20/2014 01:45:00 PM,THEFT,004,51
10/19/2014 11:00:00 PM,BURGLARY,004,43
10/20/2014 05:23:00 PM,OTHER OFFENSE,015,25
10/18/2014 10:30:00 PM,THEFT,019,6
10/06/2014 05:00:00 PM,THEFT,007,67
09/23/2014 09:00:00 AM,DECEPTIVE PRACTICE,006,69
10/20/2014 05:15:00 PM,CRIMINAL DAMAGE,005,49
10/19/2014 12:00:00 PM,OTHER OFFENSE,022,72
10/20/2014 05:47:00 PM,NARCOTICS,003,43
10/20/2014 04:20:00 PM,BATTERY,015,25
10/20/2014 01:30:00 PM,ASSAULT,006,71
09/05/2015 07:09:00 PM,ASSAULT,007,67
09/05/2015 07:35:00 PM,CRIMINAL TRESPASS,001,33
09/05/2015 07:40:00 PM,NARCOTICS,022,73
08/25/2015 06:00:00 PM,OTHER OFFENSE,003,43
09/05/2015 06:26:00 PM,THEFT,011,28
09/05/2015 08:41:00 AM,OTHER OFFENSE,005,50
09/05/2015 07:00:00 PM,CRIMINAL DAMAGE,004,46
09/05/2015 07:37:00 PM,ASSAULT,020,77
09/02/2015 02:00:00 AM,BATTERY,009,61
09/05/2015 07:45:00 PM,THEFT,001,33
09/05/2015 05:45:00 PM,THEFT,012,28
09/05/2015 08:02:00 PM,WEAPONS VIOLATION,012,28
09/05/2015 07:00:00 AM,BATTERY,019,3
09/05/2015 08:00:00 PM,BATTERY,024,1
09/05/2015 08:20:00 PM,NARCOTICS,011,27
09/04/2015 02:00:00 PM,THEFT,024,2
09/05/2015 02:00:00 AM,THEFT,019,6
09/05/2015 08:25:00 PM,BATTERY,008,70
09/05/2015 07:40:00 PM,BATTERY,018,7
09/05/2015 07:59:00 PM,NARCOTICS,008,63
09/05/2015 03:40:00 AM,BURGLARY,025,21
09/05/2015 03:50:00 AM,BATTERY,025,19
09/05/2015 06:45:00 PM,THEFT,024,2
09/05/2015 04:27:00 AM,CRIMINAL DAMAGE,025,22
09/05/2015 09:02:00 PM,OTHER OFFENSE,019,6
09/05/2015 08:20:00 PM,BATTERY,009,60
09/05/2015 09:00:00 PM,NARCOTICS,015,25
09/04/2015 10:00:00 PM,CRIMINAL DAMAGE,024,2
09/05/2015 07:35:00 PM,THEFT,010,29
08/29/2015 12:00:00 PM,CRIMINAL DAMAGE,010,30
09/05/2015 08:01:00 PM,WEAPONS VIOLATION,005,49
09/05/2015 06:55:00 PM,DECEPTIVE PRACTICE,019,5
09/05/2015 03:30:00 PM,BATTERY,010,29
09/05/2015 08:38:00 PM,NARCOTICS,004,46
09/05/2015 07:00:00 PM,BATTERY,010,29
09/05/2015 10:13:00 AM,NARCOTICS,011,27
08/29/2015 05:00:00 AM,CRIMINAL DAMAGE,019,6
09/04/2015 07:00:00 PM,DECEPTIVE PRACTICE,006,69
09/05/2015 05:17:00 PM,BATTERY,005,49
09/05/2015 08:40:00 PM,BATTERY,019,3
09/05/2015 08:06:00 PM,BURGLARY,005,53
09/04/2015 09:00:00 PM,CRIMINAL DAMAGE,022,73
09/05/2015 08:52:00 PM,NARCOTICS,007,67
09/05/2015 09:15:00 PM,BATTERY,007,68
09/05/2015 05:36:00 PM,BATTERY,012,28
09/05/2015 09:25:00 PM,OTHER OFFENSE,017,13
09/05/2015 09:04:00 PM,BATTERY,006,69
09/05/2015 08:20:00 PM,BATTERY,001,32
09/05/2015 09:14:00 PM,CRIMINAL DAMAGE,004,43
09/05/2015 07:26:00 PM,CRIMINAL DAMAGE,004,46
09/05/2015 06:14:00 PM,THEFT,025,19
09/05/2015 02:30:00 PM,BATTERY,004,46
09/05/2015 09:05:00 PM,NARCOTICS,015,25
09/05/2015 05:25:00 PM,ASSAULT,014,24
09/04/2015 10:00:00 PM,CRIMINAL DAMAGE,024,2
09/05/2015 08:30:00 PM,THEFT,010,30
09/01/2015 03:00:00 PM,BATTERY,014,21
09/05/2015 06:00:00 PM,THEFT,014,22
09/03/2015 10:00:00 AM,BURGLARY,004,46
08/18/2015 12:00:00 PM,DECEPTIVE PRACTICE,004,43
09/05/2015 08:42:00 PM,BATTERY,004,48
09/05/2015 09:45:00 PM,BATTERY,004,43
09/05/2015 08:30:00 PM,CRIMINAL TRESPASS,003,40
09/05/2015 09:15:00 PM,NARCOTICS,019,3
09/05/2015 02:00:00 PM,THEFT,004,46
09/05/2015 08:55:00 PM,BATTERY,002,39
09/05/2015 09:25:00 PM,NARCOTICS,006,44
09/05/2015 08:05:00 PM,THEFT,001,32
09/05/2015 08:15:00 PM,CRIMINAL DAMAGE,020,3
09/03/2015 10:30:00 PM,THEFT,024,2
09/05/2015 09:10:00 PM,ASSAULT,024,1
09/05/2015 09:29:00 PM,NARCOTICS,025,23
09/05/2015 09:00:00 PM,CRIMINAL TRESPASS,012,28
01/03/2001 02:45:00 PM,THEFT,017,
01/03/2001 12:45:00 PM,THEFT,017,
01/04/2001 05:15:00 AM,THEFT,002,
01/04/2001 07:05:00 AM,THEFT,006,
01/02/2001 11:30:00 PM,ROBBERY,007,
01/03/2001 03:00:00 PM,CRIMINAL DAMAGE,018,
01/03/2001 02:25:21 PM,ASSAULT,022,
01/03/2001 07:10:00 PM,BATTERY,005,
01/03/2001 01:04:00 PM,ROBBERY,008,
01/03/2001 02:45:00 PM,BATTERY,007,
01/07/2002 06:55:00 PM,HOMICIDE,009,
01/04/2001 01:14:03 AM,ROBBERY,005,
01/04/2001 01:05:00 AM,BATTERY,025,
01/03/2001 11:00:00 AM,BATTERY,005,
01/03/2001 03:45:00 PM,BATTERY,017,
01/04/2001 03:09:18 AM,CRIMINAL DAMAGE,019,
01/03/2001 04:35:00 AM,OTHER OFFENSE,005,
01/03/2001 09:45:00 PM,MOTOR VEHICLE THEFT,008,
01/03/2001 06:00:00 PM,THEFT,019,
01/03/2001 07:56:00 PM,BATTERY,024,
01/03/2001 12:01:00 AM,CRIMINAL DAMAGE,017,
01/04/2001 12:00:00 AM,BATTERY,014,
01/03/2001 03:25:00 PM,ROBBERY,020,
01/03/2001 04:00:00 AM,CRIM SEXUAL ASSAULT,022,
01/02/2001 10:20:51 PM,THEFT,009,
01/03/2001 05:30:00 PM,ASSAULT,019,
01/03/2001 09:45:00 AM,ROBBERY,008,
01/03/2001 02:32:07 PM,CRIMINAL TRESPASS,001,
01/03/2001 10:00:00 PM,OTHER OFFENSE,025,
01/03/2001 05:40:00 PM,ROBBERY,008,
01/01/2001 09:00:00 AM,THEFT,007,
01/03/2001 08:00:00 PM,BATTERY,014,
01/03/2001 11:45:00 AM,MOTOR VEHICLE THEFT,007,
01/03/2001 11:45:00 AM,ASSAULT,020,
01/03/2001 04:04:25 PM,BATTERY,007,
01/03/2001 03:00:00 PM,THEFT,018,
01/04/2001 01:26:43 AM,BATTERY,019,
01/03/2001 10:27:19 AM,THEFT,004,
01/03/2001 07:45:00 PM,ASSAULT,024,
01/04/2001 02:45:00 AM,BATTERY,019,
01/03/2001 06:15:00 PM,BATTERY,017,
01/03/2001 02:42:59 PM,ASSAULT,003,
01/02/2001 09:00:00 PM,THEFT,009,
01/03/2001 07:55:00 PM,BURGLARY,008,
01/03/2001 05:00:00 PM,THEFT,007,
01/03/2001 02:00:00 AM,CRIMINAL DAMAGE,005,
01/03/2001 12:45:00 PM,MOTOR VEHICLE THEFT,005,
01/03/2001 05:40:00 PM,BATTERY,024,
01/03/2001 05:30:00 PM,BATTERY,017,
01/03/2001 10:35:34 PM,THEFT,009,
01/03/2001 01:10:00 PM,BATTERY,002,
01/02/2001 06:40:00 PM,THEFT,016,
01/03/2001 06:50:00 PM,BATTERY,020,
01/03/2001 04:45:00 PM,THEFT,007,
01/03/2001 05:23:28 PM,THEFT,004,
01/04/2001 08:20:00 AM,OTHER OFFENSE,022,
01/03/2001 07:12:23 PM,MOTOR VEHICLE THEFT,010,
01/03/2001 01:40:00 PM,BATTERY,002,
06/11/2002 01:10:00 PM,BATTERY,007,68
06/15/2002 03:00:00 PM,CRIMINAL DAMAGE,008,66
05/29/2002 10:20:00 PM,NARCOTICS,015,25
06/06/2002 01:00:00 PM,NARCOTICS,018,8
06/17/2002 05:00:00 AM,THEFT,002,35
06/16/2002 05:09:00 PM,BATTERY,003,43
05/27/2002 08:06:19 PM,NARCOTICS,003,42
05/05/2002 06:10:00 AM,NARCOTICS,011,27
06/12/2002 06:00:00 AM,MOTOR VEHICLE THEFT,004,51
06/16/2002 12:15:00 PM,BATTERY,022,73
06/09/2002 09:40:00 PM,BATTERY,007,67
06/15/2002 12:00:00 PM,BURGLARY,006,44
06/09/2002 08:55:00 AM,NARCOTICS,011,23
06/16/2002 07:40:00 PM,BATTERY,005,50
06/16/2002 10:00:00 PM,MOTOR VEHICLE THEFT,008,70
06/15/2002 01:00:00 PM,CRIMINAL DAMAGE,008,62
06/03/2002 12:00:00 PM,OTHER OFFENSE,014,22
06/11/2002 01:50:00 PM,THEFT,007,68
06/14/2002 08:00:00 PM,CRIMINAL DAMAGE,009,58
06/15/2002 12:00:00 AM,CRIMINAL DAMAGE,008,57
06/16/2002 01:00:00 AM,BATTERY,012,27
06/10/2002 05:10:00 PM,BURGLARY,007,67
06/15/2002 04:30:00 PM,THEFT,006,44
06/15/2002 07:50:00 AM,ROBBERY,006,44
06/09/2002 09:45:00 PM,BURGLARY,007,68
05/18/2002 08:00:00 PM,NARCOTICS,011,23
05/29/2002 10:30:00 PM,NARCOTICS,011,27
06/14/2002 06:00:00 PM,BURGLARY,024,77
06/15/2002 11:17:53 PM,THEFT,002,39
06/14/2002 11:00:00 PM,ASSAULT,003,69
06/10/2002 06:45:00 PM,NARCOTICS,003,69
06/16/2002 06:47:33 PM,BATTERY,006,44
06/09/2002 10:47:00 PM,ASSAULT,007,67
06/09/2002 08:30:00 AM,NARCOTICS,011,23
06/14/2002 09:00:00 PM,BATTERY,002,36
06/16/2002 03:45:00 AM,BATTERY,005,54
06/11/2002 01:15:00 PM,ASSAULT,007,69
05/29/2002 10:30:00 PM,PROSTITUTION,004,43
06/06/2002 12:55:00 PM,NARCOTICS,018,7
06/15/2002 09:00:00 PM,THEFT,024,1
06/15/2002 10:30:00 PM,THEFT,006,71
06/11/2002 12:39:08 PM,BATTERY,002,35
06/16/2002 07:25:04 PM,ROBBERY,006,44
06/17/2002 02:04:48 AM,ASSAULT,005,53
05/29/2002 10:15:00 PM,PROSTITUTION,004,43
06/09/2002 09:20:00 PM,ROBBERY,007,68
06/15/2002 04:37:22 PM,CRIMINAL DAMAGE,008,63
06/16/2002 12:20:00 AM,ASSAULT,003,42
06/16/2002 03:00:00 AM,MOTOR VEHICLE THEFT,025,19
06/10/2002 05:40:00 PM,BATTERY,007,68
05/09/2002 12:00:00 PM,THEFT,012,24
06/16/2002 01:22:48 AM,CRIMINAL DAMAGE,010,30
06/06/2002 08:15:00 AM,NARCOTICS,018,8
06/16/2002 02:00:00 PM,ASSAULT,017,16
06/16/2002 01:50:00 PM,THEFT,024,1
06/16/2002 10:00:00 PM,THEFT,010,30
06/17/2002 01:00:00 PM,THEFT,008,56
06/17/2002 06:30:00 PM,BATTERY,008,70
06/17/2002 03:00:00 PM,THEFT,014,24
06/17/2002 07:00:00 AM,DECEPTIVE PRACTICE,019,5
06/17/2002 06:30:00 PM,THEFT,014,24
06/15/2002 03:00:00 AM,OTHER OFFENSE,006,44
06/17/2002 08:30:00 AM,OTHER OFFENSE,019,4
06/15/2002 01:00:00 AM,CRIMINAL DAMAGE,019,4
06/17/2002 03:30:00 PM,THEFT,008,57
06/17/2002 12:00:00 PM,THEFT,001,32
06/17/2002 12:00:00 AM,OTHER OFFENSE,006,44
06/17/2002 07:45:00 PM,OTHER OFFENSE,002,39
06/17/2002 06:30:00 PM,OTHER OFFENSE,005,53
06/16/2002 09:00:00 PM,THEFT,019,6
06/17/2002 06:00:00 AM,THEFT,003,42
06/17/2002 07:15:00 PM,OTHER OFFENSE,008,63
06/17/2002 07:30:00 PM,OTHER OFFENSE,005,53
07/26/2002 12:08:00 PM,BATTERY,008,66
06/03/2002 09:25:00 PM,CRIMINAL TRESPASS,009,58
06/17/2002 03:00:00 PM,ASSAULT,025,23
06/17/2002 09:00:00 AM,MOTOR VEHICLE THEFT,009,59
06/17/2002 07:00:00 PM,THEFT,017,21
06/16/2002 02:45:00 PM,PUBLIC PEACE VIOLATION,022,75
06/17/2002 02:15:00 PM,THEFT,008,63
06/17/2002 01:00:00 AM,OTHER OFFENSE,022,72
06/17/2002 12:00:00 PM,MOTOR VEHICLE THEFT,004,46
06/17/2002 08:10:00 PM,CRIMINAL DAMAGE,002,38
06/17/2002 09:00:00 AM,THEFT,008,63
06/16/2002 08:00:00 AM,CRIMINAL DAMAGE,014,22
06/10/2002 08:00:00 AM,OTHER OFFENSE,007,67
05/17/2002 09:00:00 AM,OTHER OFFENSE,004,46
06/17/2002 09:30:00 PM,THEFT,016,12
06/17/2002 09:00:00 PM,ASSAULT,005,49
06/15/2002 10:45:00 PM,DECEPTIVE PRACTICE,018,8
06/17/2002 08:00:00 PM,CRIMINAL DAMAGE,004,46
06/17/2002 09:45:00 AM,CRIMINAL DAMAGE,011,23
06/17/2002 07:00:00 PM,THEFT,002,35
06/17/2002 09:45:00 PM,THEFT,003,69
06/17/2002 07:00:00 PM,MOTOR VEHICLE THEFT,022,75
06/17/2002 10:45:00 PM,OTHER OFFENSE,018,8
06/03/2002 02:00:00 PM,THEFT,008,70
06/17/2002 10:00:00 PM,OTHER OFFENSE,017,16
05/21/2002 09:00:00 AM,DECEPTIVE PRACTICE,002,39
06/17/2002 06:00:00 PM,OTHER OFFENSE,007,67
06/16/2002 07:00:00 PM,THEFT,003,69
06/17/2002 01:00:00 PM,BURGLARY,004,46
06/17/2002 10:45:00 PM,BURGLARY,004,52
07/02/2003 01:05:00 PM,OTHER OFFENSE,011,27
07/04/2003 04:38:00 PM,ASSAULT,003,42
07/05/2003 12:01:00 AM,THEFT,014,23
07/04/2003 09:06:36 PM,ASSAULT,005,49
07/03/2003 02:00:00 PM,THEFT,004,45
07/04/2003 12:00:00 PM,THEFT,009,61
07/05/2003 12:05:00 AM,BATTERY,001,32
07/05/2003 12:30:15 AM,CRIMINAL DAMAGE,022,73
06/29/2003 03:30:00 AM,SEX OFFENSE,015,25
06/26/2003 10:58:07 AM,OFFENSE INVOLVING CHILDREN,015,25
06/19/2003 01:00:00 PM,OTHER OFFENSE,011,25
07/04/2003 12:18:47 PM,BATTERY,005,49
07/05/2003 12:50:00 AM,ASSAULT,003,43
07/04/2003 09:00:00 PM,CRIMINAL DAMAGE,022,75
07/04/2003 06:15:07 PM,ROBBERY,005,49
07/05/2003 03:00:33 AM,CRIMINAL DAMAGE,001,32
07/04/2003 01:19:00 PM,ASSAULT,007,68
07/03/2003 10:57:53 AM,THEFT,011,26
07/03/2003 11:47:00 PM,ASSAULT,003,43
07/04/2003 02:19:32 AM,INTERFERENCE WITH PUBLIC OFFICER,010,29
07/04/2003 10:15:00 PM,CRIMINAL DAMAGE,005,49
07/04/2003 08:25:00 AM,THEFT,004,51
07/03/2003 11:28:01 AM,BURGLARY,005,54
07/04/2003 09:30:03 PM,BATTERY,015,25
07/04/2003 07:50:00 PM,BATTERY,011,23
07/04/2003 02:30:00 AM,BATTERY,007,68
08/24/2003 06:15:00 PM,BURGLARY,006,71
07/05/2003 02:00:00 AM,ROBBERY,001,33
07/04/2003 04:03:31 PM,BURGLARY,005,53
07/02/2003 02:30:00 AM,OTHER OFFENSE,008,58
07/04/2003 03:15:00 PM,THEFT,004,48
07/03/2003 10:17:46 PM,BATTERY,011,23
07/04/2003 08:13:00 PM,BATTERY,003,42
07/04/2003 03:00:00 PM,BURGLARY,001,32
06/30/2003 10:00:00 AM,BURGLARY,005,50
07/04/2003 12:01:00 AM,CRIMINAL TRESPASS,007,67
07/04/2003 04:15:00 PM,ASSAULT,005,49
07/04/2003 01:10:00 PM,BATTERY,011,27
07/02/2003 06:00:00 PM,BATTERY,003,42
07/04/2003 03:25:00 PM,CRIMINAL DAMAGE,007,67
07/04/2003 09:15:14 PM,BURGLARY,005,49
07/02/2003 09:00:00 AM,THEFT,004,55
07/01/2003 01:00:00 PM,KIDNAPPING,022,71
07/04/2003 01:30:00 PM,BATTERY,011,23
07/03/2003 09:29:33 PM,CRIMINAL DAMAGE,002,38
07/05/2003 05:00:00 AM,THEFT,001,33
07/04/2003 02:10:00 AM,BATTERY,007,67
07/04/2003 03:00:00 PM,THEFT,003,43
07/03/2003 03:37:24 PM,THEFT,002,37
07/04/2003 11:00:00 PM,CRIMINAL DAMAGE,001,32
07/05/2003 12:35:00 AM,ROBBERY,004,46
07/04/2003 12:55:00 PM,BATTERY,011,26
07/04/2003 04:45:00 AM,ROBBERY,022,72
07/04/2003 05:05:00 AM,CRIMINAL DAMAGE,007,68
07/03/2003 07:58:00 PM,DECEPTIVE PRACTICE,011,25
07/01/2003 08:30:00 PM,DECEPTIVE PRACTICE,019,6
07/03/2003 03:30:00 PM,BATTERY,003,42
07/05/2003 01:45:00 AM,BATTERY,011,27
07/01/2003 11:30:00 PM,CRIMINAL DAMAGE,005,54
07/02/2003 11:03:00 AM,THEFT,002,40
07/04/2003 05:45:00 AM,BATTERY,007,67
07/04/2003 09:45:00 PM,CRIMINAL DAMAGE,001,32
07/04/2003 05:58:05 PM,CRIMINAL DAMAGE,007,69
07/05/2003 01:23:00 AM,BATTERY,004,43
07/03/2003 07:58:37 PM,CRIMINAL DAMAGE,002,40
07/05/2003 12:05:00 AM,BATTERY,003,42
07/03/2003 07:00:00 PM,ASSAULT,007,67
07/05/2003 07:00:00 AM,OTHER OFFENSE,014,22
07/05/2003 12:30:00 AM,BATTERY,011,27
07/02/2003 05:00:00 PM,THEFT,018,8
07/04/2003 05:35:00 PM,ASSAULT,007,68
07/02/2003 07:33:00 PM,WEAPONS VIOLATION,022,75
07/03/2003 06:00:00 PM,BURGLARY,005,50
07/05/2003 01:35:00 AM,BATTERY,011,23
07/04/2003 07:00:00 AM,ASSAULT,007,68
07/03/2003 03:46:48 PM,THEFT,002,38
06/01/2003 12:00:00 AM,DECEPTIVE PRACTICE,010,29
02/12/2004 12:02:00 AM,ASSAULT,012,27
02/10/2004 10:13:03 PM,BATTERY,008,70
02/09/2004 11:00:00 PM,BATTERY,008,70
02/11/2004 12:54:22 AM,BATTERY,008,66
02/10/2004 03:00:00 PM,ASSAULT,012,24
02/10/2004 02:30:00 PM,ASSAULT,008,56
02/09/2004 05:00:00 PM,ASSAULT,008,66
02/11/2004 07:55:00 PM,BURGLARY,008,70
02/11/2004 01:10:00 PM,BATTERY,012,27
02/09/2004 12:40:00 PM,BATTERY,008,63
02/06/2004 07:15:00 PM,ASSAULT,008,57
02/09/2004 01:15:00 PM,BATTERY,008,57
02/11/2004 12:30:00 AM,CRIM SEXUAL ASSAULT,008,62
02/11/2004 11:00:00 AM,BURGLARY,008,66
02/10/2004 01:00:00 PM,BATTERY,008,70
02/11/2004 01:45:00 PM,BATTERY,012,27
02/10/2004 09:20:00 AM,ASSAULT,008,66
02/11/2004 11:30:00 AM,SEX OFFENSE,008,66
02/09/2004 02:30:00 PM,BATTERY,008,56
02/11/2004 11:30:00 PM,MOTOR VEHICLE THEFT,008,64
02/09/2004 12:30:00 PM,BATTERY,008,66
12/18/2003 06:00:00 PM,THEFT,014,24
02/11/2004 07:30:00 AM,BURGLARY,008,66
02/09/2004 01:15:00 PM,CRIMINAL DAMAGE,012,28
02/10/2004 12:25:00 PM,ASSAULT,008,66
02/11/2004 04:13:00 PM,THEFT,014,22
02/11/2004 10:12:00 AM,MOTOR VEHICLE THEFT,014,23
02/11/2004 04:45:00 PM,ROBBERY,019,6
02/09/2004 03:20:00 PM,ASSAULT,008,63
02/11/2004 01:45:00 PM,CRIMINAL DAMAGE,014,21
02/11/2004 07:10:00 PM,BURGLARY,019,6
02/11/2004 10:15:00 AM,OTHER OFFENSE,012,28
02/11/2004 01:30:00 PM,CRIMINAL TRESPASS,014,23
02/11/2004 08:15:00 AM,THEFT,019,3
02/11/2004 04:21:00 PM,BATTERY,010,29
02/11/2004 04:00:00 PM,ASSAULT,014,22
02/11/2004 01:50:00 PM,THEFT,019,6
02/08/2004 08:30:00 PM,BATTERY,008,62
02/10/2004 02:00:00 PM,BURGLARY,008,66
02/11/2004 02:30:00 PM,DECEPTIVE PRACTICE,019,6
02/07/2004 11:30:00 PM,BATTERY,014,22
02/10/2004 10:00:00 AM,CRIMINAL DAMAGE,012,28
02/11/2004 09:00:00 PM,MOTOR VEHICLE THEFT,008,66
02/11/2004 04:30:00 PM,BATTERY,019,3
02/11/2004 03:00:00 PM,BATTERY,014,23
02/11/2004 10:00:00 PM,THEFT,006,44
02/11/2004 02:00:00 PM,PUBLIC PEACE VIOLATION,012,31
11/29/2003 11:00:00 PM,SEX OFFENSE,012,28
02/11/2004 09:53:00 AM,BATTERY,014,24
02/09/2004 09:30:00 AM,ASSAULT,008,65
02/05/2004 02:20:00 PM,BATTERY,008,65
02/11/2004 05:32:27 PM,BATTERY,019,3
02/10/2004 07:30:00 PM,MOTOR VEHICLE THEFT,008,57
02/11/2004 08:33:00 PM,CRIMINAL TRESPASS,012,31
02/11/2004 09:45:00 AM,ASSAULT,012,28
02/12/2004 12:00:00 AM,CRIMINAL DAMAGE,019,4
02/10/2004 08:40:00 PM,KIDNAPPING,014,22
02/12/2004 01:30:00 AM,BATTERY,019,6
02/09/2004 11:55:00 AM,BATTERY,008,66
02/11/2004 09:55:00 AM,BATTERY,012,28
02/09/2004 02:00:00 PM,THEFT,012,31
02/10/2004 12:30:00 PM,OTHER OFFENSE,008,63
02/06/2004 02:29:00 PM,BATTERY,008,66
02/12/2004 12:05:00 AM,BATTERY,019,3
02/11/2004 05:20:00 PM,BATTERY,014,21
10/09/2003 02:00:00 PM,THEFT,008,64
02/11/2004 08:30:00 PM,BATTERY,014,22
03/08/2005 06:00:00 PM,MOTOR VEHICLE THEFT,009,58
03/11/2005 11:30:00 PM,BATTERY,007,67
03/11/2005 06:00:00 PM,CRIMINAL DAMAGE,003,42
03/15/2005 09:30:00 AM,DECEPTIVE PRACTICE,018,8
03/11/2005 10:30:00 AM,ASSAULT,007,68
03/15/2005 08:00:00 AM,MOTOR VEHICLE THEFT,011,23
03/15/2005 02:00:00 PM,THEFT,001,32
03/14/2005 01:00:00 AM,BURGLARY,003,43
03/14/2005 09:00:00 PM,CRIMINAL DAMAGE,009,61
03/15/2005 08:30:00 AM,ASSAULT,006,44
03/11/2005 04:00:00 PM,THEFT,012,28
03/15/2005 08:30:00 AM,CRIMINAL DAMAGE,020,4
03/14/2005 08:00:00 AM,MOTOR VEHICLE THEFT,018,8
03/12/2005 02:33:57 AM,OTHER OFFENSE,025,20
03/15/2005 12:04:46 PM,BATTERY,003,43
03/15/2005 01:30:00 PM,NARCOTICS,014,22
03/15/2005 03:15:00 PM,DECEPTIVE PRACTICE,001,32
03/09/2005 12:15:00 PM,BATTERY,003,69
03/13/2005 10:32:00 AM,OTHER OFFENSE,025,20
03/14/2005 10:15:00 AM,ASSAULT,025,19
03/11/2005 08:30:00 AM,DECEPTIVE PRACTICE,019,6
03/15/2005 10:30:00 AM,CRIMINAL DAMAGE,009,58
03/14/2005 02:00:00 PM,ASSAULT,025,25
03/14/2005 12:20:00 AM,BATTERY,007,67
03/16/2005 05:20:00 AM,THEFT,005,50
03/14/2005 01:45:00 AM,WEAPONS VIOLATION,025,19
03/11/2005 06:15:00 AM,CRIMINAL DAMAGE,016,15
03/15/2005 12:00:00 PM,BATTERY,012,24
03/10/2005 09:00:00 PM,THEFT,007,67
03/03/2005 12:00:00 AM,CRIMINAL DAMAGE,018,7
03/05/2005 12:00:00 PM,THEFT,008,66
03/15/2005 06:50:00 AM,ASSAULT,025,18
03/14/2005 05:30:00 PM,CRIMINAL TRESPASS,003,69
03/06/2005 10:15:00 AM,ASSAULT,025,25
02/02/2005 07:00:00 PM,THEFT,007,68
03/11/2005 10:45:00 AM,BATTERY,025,19
03/15/2005 02:20:00 PM,BATTERY,003,43
03/12/2005 02:00:00 AM,BATTERY,025,25
07/01/2004 12:01:00 AM,CRIM SEXUAL ASSAULT,004,46
03/14/2005 09:50:00 AM,BATTERY,003,42
03/13/2005 10:15:00 AM,ASSAULT,025,23
03/14/2005 06:30:00 PM,CRIMINAL DAMAGE,017,16
03/14/2005 11:00:00 PM,THEFT,025,19
03/11/2004 10:20:00 AM,BATTERY,025,23
03/14/2005 08:00:00 AM,BATTERY,003,69
03/02/2005 12:00:00 AM,SEX OFFENSE,012,28
03/14/2005 10:30:00 AM,BATTERY,003,69
03/13/2005 12:20:00 AM,BATTERY,025,25
03/11/2005 09:45:00 PM,ASSAULT,025,25
03/10/2005 06:05:00 PM,CRIMINAL DAMAGE,003,43
03/12/2005 10:30:00 AM,THEFT,003,43
03/15/2005 12:00:00 PM,THEFT,020,77
03/15/2005 03:15:00 PM,CRIMINAL DAMAGE,008,70
03/15/2005 08:00:00 AM,CRIMINAL DAMAGE,025,19
03/11/2005 09:00:00 AM,DECEPTIVE PRACTICE,003,69
03/18/2005 08:30:00 AM,THEFT,022,74
03/18/2005 02:45:00 PM,CRIMINAL TRESPASS,003,69
03/10/2005 12:40:00 PM,BATTERY,014,24
03/18/2005 05:45:00 PM,OTHER OFFENSE,015,25
03/11/2005 08:45:00 PM,THEFT,003,43
03/16/2005 04:00:00 PM,THEFT,003,69
03/17/2005 09:00:00 PM,THEFT,008,57
03/18/2005 10:45:00 AM,CRIMINAL DAMAGE,003,42
03/18/2005 02:00:00 PM,THEFT,019,6
03/09/2005 11:00:00 AM,OTHER OFFENSE,003,43
03/18/2005 02:40:00 PM,NARCOTICS,011,23
03/18/2005 01:00:00 AM,THEFT,014,24
03/18/2005 12:45:00 PM,ASSAULT,014,21
03/18/2005 05:12:00 PM,CRIMINAL DAMAGE,011,26
03/18/2005 05:17:00 PM,THEFT,014,22
03/17/2005 08:40:00 AM,BATTERY,003,43
03/17/2005 01:55:00 PM,ASSAULT,005,50
03/18/2005 11:15:00 AM,ASSAULT,005,50
03/18/2005 02:30:00 PM,THEFT,012,28
03/16/2005 08:30:00 AM,CRIMINAL DAMAGE,003,42
03/18/2005 07:30:00 AM,ASSAULT,005,49
03/15/2005 12:50:00 PM,BATTERY,003,42
03/18/2005 05:30:00 PM,OTHER OFFENSE,001,33
01/11/2005 10:00:00 AM,THEFT,006,44
03/18/2005 02:00:00 AM,BATTERY,005,49
03/18/2005 03:25:00 PM,BATTERY,015,25
03/01/2005 08:35:00 PM,OTHER OFFENSE,003,69
03/17/2005 01:14:00 PM,THEFT,003,69
03/18/2005 02:14:52 PM,BATTERY,005,49
03/18/2005 03:00:00 AM,BATTERY,005,49
03/18/2005 12:15:00 PM,BATTERY,003,43
03/18/2005 03:00:00 PM,BATTERY,005,49
03/17/2005 01:20:00 PM,BATTERY,005,50
03/17/2005 03:00:00 PM,ROBBERY,004,45
03/18/2005 06:00:00 PM,THEFT,008,64
03/18/2005 12:00:00 PM,MOTOR VEHICLE THEFT,007,67
03/14/2005 07:30:00 PM,MOTOR VEHICLE THEFT,011,29
03/18/2005 02:20:00 PM,BATTERY,005,50
03/17/2005 03:50:00 PM,BATTERY,003,42
03/17/2005 02:53:32 PM,CRIMINAL DAMAGE,005,53
03/18/2005 11:30:00 AM,CRIMINAL DAMAGE,025,19
03/18/2005 02:00:00 PM,OTHER OFFENSE,006,44
03/17/2005 01:00:00 PM,CRIMINAL DAMAGE,005,50
03/18/2005 12:30:00 PM,CRIMINAL TRESPASS,014,24
03/18/2005 07:00:00 PM,THEFT,020,4
03/18/2005 10:05:00 AM,OTHER OFFENSE,005,54
03/15/2005 09:50:00 PM,OTHER OFFENSE,005,49
03/16/2005 09:00:00 AM,MOTOR VEHICLE THEFT,022,49
03/17/2005 11:00:00 AM,CRIMINAL TRESPASS,005,50
03/18/2005 06:55:00 AM,THEFT,008,70
09/03/2004 07:00:00 PM,CRIMINAL DAMAGE,016,17
08/26/2004 07:10:00 PM,NARCOTICS,011,27
09/03/2004 05:50:00 PM,THEFT,014,22
09/05/2004 02:00:00 PM,THEFT,016,76
09/04/2004 05:00:00 PM,THEFT,019,3
08/20/2004 04:16:00 PM,NARCOTICS,015,25
09/07/2004 04:13:49 AM,BATTERY,004,46
09/04/2004 01:10:00 AM,BATTERY,001,33
08/19/2004 05:58:17 PM,NARCOTICS,009,61
09/05/2004 08:00:00 PM,THEFT,011,23
09/06/2004 02:15:00 PM,CRIMINAL DAMAGE,016,10
09/06/2004 08:55:00 AM,OTHER OFFENSE,011,27
09/04/2004 05:00:00 PM,THEFT,019,6
09/02/2004 10:00:00 PM,THEFT,014,22
09/03/2004 03:00:00 PM,CRIMINAL DAMAGE,025,19
09/05/2004 03:05:00 PM,BATTERY,004,46
09/06/2004 08:00:00 PM,MOTOR VEHICLE THEFT,025,19
09/06/2004 10:03:51 PM,CRIMINAL TRESPASS,004,48
09/06/2004 10:00:00 PM,BURGLARY,005,53
09/05/2004 10:00:00 PM,THEFT,012,28
09/04/2004 11:25:00 AM,DECEPTIVE PRACTICE,008,66
09/06/2004 12:33:33 PM,THEFT,024,2
08/31/2004 10:00:00 PM,THEFT,014,24
09/06/2004 08:24:03 PM,BATTERY,024,1
09/05/2004 08:25:00 PM,CRIM SEXUAL ASSAULT,022,75
09/06/2004 10:00:00 PM,THEFT,005,53
09/07/2004 04:15:00 AM,ROBBERY,012,31
04/28/2016 07:05:00 PM,THEFT,008,56
09/07/2004 12:35:00 AM,CRIMINAL DAMAGE,001,28
09/06/2004 07:11:27 PM,CRIMINAL TRESPASS,004,45
09/07/2004 03:01:19 AM,BATTERY,018,8
08/18/2004 12:40:00 AM,NARCOTICS,025,19
09/06/2004 10:24:48 PM,THEFT,024,2
08/17/2004 04:05:00 PM,GAMBLING,002,38
09/06/2004 09:45:00 PM,CRIMINAL DAMAGE,010,30
09/05/2004 09:00:00 PM,THEFT,012,24
09/06/2004 02:35:00 AM,CRIMINAL DAMAGE,016,11
09/06/2004 06:00:00 PM,CRIMINAL DAMAGE,020,3
09/04/2004 12:00:00 PM,MOTOR VEHICLE THEFT,025,18
09/05/2004 04:32:31 AM,BATTERY,024,1
09/06/2004 03:05:00 AM,BURGLARY,014,24
09/05/2004 10:45:00 PM,BATTERY,022,49
09/05/2004 03:00:00 AM,MOTOR VEHICLE THEFT,014,22
09/06/2004 10:33:19 PM,CRIMINAL DAMAGE,004,46
09/04/2004 12:00:00 PM,OFFENSE INVOLVING CHILDREN,008,63
09/04/2004 12:35:00 PM,BATTERY,007,67
08/05/2004 09:51:06 AM,PROSTITUTION,025,25
09/02/2004 06:00:00 AM,BURGLARY,011,23
09/06/2004 12:28:00 AM,THEFT,012,28
09/04/2004 12:53:17 AM,THEFT,024,1
09/06/2004 02:30:00 AM,ROBBERY,016,11
09/02/2004 01:21:40 PM,BURGLARY,022,72
09/05/2004 06:30:00 PM,BATTERY,004,46
08/05/2004 09:58:54 AM,NARCOTICS,015,25
09/02/2004 01:35:00 PM,THEFT,009,61
09/06/2004 10:00:00 PM,BATTERY,002,36
09/04/2004 02:50:00 PM,OTHER OFFENSE,008,64
08/31/2004 07:00:00 AM,CRIMINAL DAMAGE,008,62
09/02/2004 06:00:00 PM,THEFT,001,33
09/06/2004 03:59:18 AM,BATTERY,004,46
09/04/2004 04:15:00 PM,THEFT,014,22
08/29/2004 09:47:00 PM,BATTERY,006,49
09/04/2004 12:41:00 PM,CRIMINAL TRESPASS,001,33
09/04/2004 12:35:00 PM,BATTERY,007,67
09/03/2004 11:00:00 PM,THEFT,009,61
09/06/2004 02:05:18 AM,BATTERY,024,1
09/04/2004 10:30:00 PM,CRIMINAL DAMAGE,022,72
09/06/2004 02:10:00 AM,BATTERY,018,8
09/05/2004 11:00:00 PM,THEFT,014,21
09/07/2004 05:30:00 AM,THEFT,012,24
08/18/2004 01:00:00 PM,NARCOTICS,011,27
04/28/2016 07:00:00 PM,THEFT,015,25
09/05/2004 07:05:00 PM,ROBBERY,014,24
08/05/2004 01:59:35 PM,GAMBLING,008,66
09/05/2004 09:30:00 AM,THEFT,012,28
01/19/2005 08:45:00 AM,OTHER OFFENSE,009,61
01/17/2005 09:00:00 PM,CRIMINAL DAMAGE,018,8
01/16/2005 02:00:00 PM,THEFT,025,20
01/18/2005 03:14:00 PM,THEFT,004,51
01/17/2005 12:01:00 PM,OTHER OFFENSE,007,67
01/17/2005 10:35:00 PM,CRIMINAL TRESPASS,001,35
01/17/2005 09:00:00 PM,THEFT,001,32
01/18/2005 03:50:00 AM,THEFT,018,8
01/15/2005 10:00:00 PM,THEFT,006,69
01/18/2005 08:30:00 AM,OTHER OFFENSE,004,55
01/19/2005 05:00:00 AM,THEFT,003,43
01/17/2005 11:05:00 PM,THEFT,002,41
01/18/2005 06:15:00 PM,THEFT,018,8
01/19/2005 11:45:00 AM,ASSAULT,006,44
01/17/2005 02:30:00 PM,BATTERY,007,68
01/18/2005 10:00:00 AM,BATTERY,006,71
01/16/2005 05:00:00 AM,DECEPTIVE PRACTICE,018,8
01/14/2005 02:35:00 PM,BATTERY,004,46
01/18/2005 08:00:00 AM,BURGLARY,006,44
01/19/2005 12:30:00 AM,BATTERY,006,44
01/13/2005 12:00:00 PM,THEFT,002,40
01/18/2005 04:10:00 AM,CRIM SEXUAL ASSAULT,001,35
12/06/2004 09:00:00 PM,DECEPTIVE PRACTICE,008,56
01/18/2005 10:00:00 PM,BURGLARY,009,58
01/19/2005 03:00:00 AM,CRIMINAL DAMAGE,015,25
01/19/2005 01:00:00 AM,BATTERY,006,44
01/19/2005 09:00:00 AM,NARCOTICS,014,22
09/15/2004 10:00:00 AM,OTHER OFFENSE,025,25
12/15/2004 11:00:00 PM,DECEPTIVE PRACTICE,018,8
01/15/2005 09:45:00 AM,BURGLARY,001,35
01/16/2005 06:00:00 AM,MOTOR VEHICLE THEFT,006,44
01/04/2005 12:00:00 PM,MOTOR VEHICLE THEFT,001,33
01/13/2005 08:00:00 PM,THEFT,018,8
01/19/2005 09:00:00 AM,THEFT,012,24
12/30/2004 02:00:00 PM,DECEPTIVE PRACTICE,019,7
01/17/2005 02:45:00 PM,ASSAULT,007,67
01/17/2005 03:30:00 PM,BATTERY,004,43
01/18/2005 09:00:00 PM,MOTOR VEHICLE THEFT,003,43
01/19/2005 07:00:00 AM,MOTOR VEHICLE THEFT,015,25
11/17/2004 08:13:03 PM,NARCOTICS,018,8
01/15/2005 06:00:00 PM,BURGLARY,001,35
11/24/2004 09:38:00 PM,NARCOTICS,005,53
11/17/2004 10:21:00 PM,NARCOTICS,016,17
01/18/2005 01:30:00 PM,CRIMINAL DAMAGE,002,38
01/17/2005 03:30:00 PM,CRIMINAL DAMAGE,007,67
01/14/2005 02:30:00 PM,THEFT,002,41
01/14/2005 03:00:00 PM,CRIMINAL DAMAGE,004,46
11/22/2004 10:37:32 PM,NARCOTICS,011,27
11/17/2004 10:14:10 PM,NARCOTICS,011,23
01/17/2005 03:00:00 PM,CRIMINAL DAMAGE,007,68
01/14/2005 04:00:00 PM,OTHER OFFENSE,020,77
01/07/2005 08:30:00 PM,INTERFERENCE WITH PUBLIC OFFICER,016,15
01/16/2005 02:00:00 AM,BATTERY,011,27
11/28/2004 08:17:00 PM,NARCOTICS,007,67
11/26/2004 12:19:00 PM,NARCOTICS,010,29
01/17/2005 05:13:00 PM,BATTERY,007,69
11/24/2004 06:00:00 AM,NARCOTICS,003,43
11/25/2004 12:05:00 AM,NARCOTICS,005,53
01/18/2005 10:30:00 PM,THEFT,018,8
11/29/2004 02:00:00 PM,NARCOTICS,003,43
11/23/2004 12:19:58 AM,NARCOTICS,001,35
11/24/2004 03:00:00 PM,NARCOTICS,025,25
11/17/2004 10:40:00 PM,NARCOTICS,025,25
11/29/2004 03:30:00 PM,NARCOTICS,004,47
11/25/2004 11:15:00 PM,NARCOTICS,007,68
01/18/2005 09:30:00 PM,ASSAULT,016,15
01/13/2005 09:00:00 PM,THEFT,016,15
11/24/2004 11:00:00 AM,NARCOTICS,025,25
11/29/2004 02:45:00 PM,NARCOTICS,022,73
11/26/2004 12:10:00 PM,NARCOTICS,025,23
11/18/2004 12:30:00 AM,NARCOTICS,016,10
01/17/2005 05:05:00 PM,BATTERY,007,67
01/19/2005 09:04:00 AM,ASSAULT,004,45
11/25/2004 10:15:00 AM,NARCOTICS,011,29
01/18/2005 02:30:00 PM,ASSAULT,016,15
11/29/2004 02:50:00 PM,NARCOTICS,011,23
11/24/2004 11:30:00 AM,NARCOTICS,025,25
01/17/2005 06:27:00 PM,CRIMINAL TRESPASS,007,67
11/11/2004 06:03:50 PM,NARCOTICS,003,40
11/17/2004 10:00:00 PM,NARCOTICS,017,14
11/28/2004 09:00:00 PM,NARCOTICS,005,49
11/24/2004 02:18:00 PM,NARCOTICS,010,29
01/09/2005 11:34:00 PM,INTERFERENCE WITH PUBLIC OFFICER,016,15
11/29/2004 03:30:00 PM,NARCOTICS,022,73
01/19/2005 11:00:00 AM,BATTERY,004,43
11/21/2004 10:22:07 AM,NARCOTICS,015,25
01/18/2005 09:15:00 PM,CRIMINAL DAMAGE,012,24
01/18/2005 04:50:00 PM,CRIMINAL DAMAGE,002,41
11/29/2004 02:30:00 PM,NARCOTICS,006,69
11/28/2004 09:15:00 PM,NARCOTICS,008,66
01/17/2005 06:15:00 PM,CRIMINAL DAMAGE,007,67
11/24/2004 07:45:00 PM,NARCOTICS,001,35
01/18/2005 12:00:00 AM,CRIMINAL DAMAGE,002,41
11/29/2004 04:10:40 PM,NARCOTICS,007,67
11/24/2004 08:55:00 PM,NARCOTICS,004,43
11/28/2004 10:00:00 PM,NARCOTICS,008,63
12/31/2004 12:00:00 PM,THEFT,003,42
01/18/2005 09:55:00 PM,THEFT,001,32
11/17/2004 11:30:00 PM,NARCOTICS,011,26
11/29/2004 12:05:00 PM,NARCOTICS,025,25
11/28/2004 10:30:00 PM,NARCOTICS,007,68
01/18/2005 10:30:00 AM,BURGLARY,002,39
11/24/2004 09:50:00 PM,NARCOTICS,007,68
11/29/2004 03:57:58 PM,NARCOTICS,006,44
11/21/2004 10:46:45 AM,NARCOTICS,015,25
01/18/2005 01:15:00 PM,OTHER OFFENSE,025,25
01/17/2005 08:00:00 PM,THEFT,016,17
10/29/2004 07:30:00 PM,NARCOTICS,011,26
11/11/2004 07:20:00 AM,BURGLARY,022,71
11/30/2004 03:30:00 PM,CRIMINAL DAMAGE,008,70
11/22/2004 07:00:00 PM,BATTERY,002,38
11/30/2004 03:00:00 PM,BATTERY,017,14
11/30/2004 09:12:43 PM,CRIMINAL TRESPASS,006,71
11/29/2004 08:30:00 AM,THEFT,009,63
12/01/2004 06:30:00 AM,BATTERY,003,43
11/29/2004 12:45:00 PM,ASSAULT,001,33
11/29/2004 07:00:00 PM,CRIMINAL DAMAGE,010,29
11/22/2004 05:35:00 PM,ASSAULT,002,40
11/30/2004 06:20:00 PM,ROBBERY,017,14
11/24/2004 07:00:00 PM,NARCOTICS,015,25
11/30/2004 06:30:00 PM,THEFT,025,19
11/30/2004 02:55:00 PM,THEFT,009,61
11/30/2004 09:56:29 PM,CRIMINAL DAMAGE,006,69
11/29/2004 05:00:00 PM,BURGLARY,003,42
11/29/2004 11:40:00 PM,CRIMINAL DAMAGE,007,67
11/30/2004 07:12:00 PM,CRIMINAL DAMAGE,003,69
08/31/2004 02:50:09 PM,NARCOTICS,003,42
12/01/2004 01:30:00 AM,BURGLARY,022,72
11/30/2004 06:45:00 PM,CRIMINAL DAMAGE,008,66
11/30/2004 09:12:01 AM,CRIMINAL TRESPASS,001,33
11/26/2004 04:44:00 PM,THEFT,009,61
11/24/2004 07:35:00 PM,NARCOTICS,015,25
11/30/2004 08:35:00 AM,BURGLARY,001,33
11/30/2004 10:58:33 PM,BATTERY,006,69
11/14/2004 05:05:00 PM,NARCOTICS,002,35
11/23/2004 09:44:00 PM,ROBBERY,014,22
11/28/2004 07:00:00 PM,THEFT,008,66
11/30/2004 12:55:00 PM,ASSAULT,024,1
11/29/2004 11:45:00 PM,ROBBERY,005,53
11/30/2004 02:00:00 AM,OTHER OFFENSE,004,55
11/30/2004 09:15:00 PM,CRIMINAL DAMAGE,017,14
11/01/2004 12:21:00 AM,NARCOTICS,010,29
11/29/2004 09:44:00 PM,CRIMINAL TRESPASS,003,43
11/23/2004 07:00:00 PM,THEFT,009,61
11/30/2004 07:40:12 PM,STALKING,020,77
11/30/2004 03:00:00 AM,ROBBERY,007,67
11/30/2004 10:29:46 PM,CRIMINAL TRESPASS,006,71
11/27/2004 06:00:00 PM,BURGLARY,018,7
11/24/2004 07:00:00 PM,NARCOTICS,015,25
11/30/2004 01:30:00 PM,STALKING,010,29
11/30/2004 11:00:00 PM,THEFT,005,53
10/22/2004 10:31:00 PM,NARCOTICS,007,67
11/24/2004 03:15:00 PM,THEFT,002,38
11/29/2004 07:10:00 PM,BATTERY,007,68
11/26/2004 12:05:00 PM,CRIMINAL DAMAGE,004,48
11/30/2004 09:20:00 PM,CRIMINAL TRESPASS,003,42
12/01/2004 03:25:00 AM,THEFT,004,51
11/20/2004 08:30:00 AM,THEFT,024,2
11/30/2004 08:30:00 AM,THEFT,022,72
11/30/2004 04:37:44 AM,THEFT,025,21
11/27/2004 10:50:00 PM,CRIMINAL TRESPASS,010,29
11/26/2004 10:00:00 PM,DECEPTIVE PRACTICE,006,71
11/30/2004 06:30:00 AM,THEFT,025,20
11/29/2004 02:34:06 PM,CRIMINAL TRESPASS,001,33
10/06/2004 02:00:00 PM,DECEPTIVE PRACTICE,002,41
11/30/2004 10:40:00 PM,ASSAULT,017,14
11/30/2004 07:00:00 AM,BURGLARY,003,42
12/01/2004 03:44:00 AM,CRIMINAL DAMAGE,004,45
11/24/2004 06:40:00 PM,NARCOTICS,003,42
11/29/2004 08:20:00 PM,THEFT,007,67
11/30/2004 08:10:00 AM,CRIMINAL DAMAGE,007,67
11/30/2004 05:00:00 PM,THEFT,009,37
11/30/2004 09:40:00 PM,CRIMINAL TRESPASS,003,42
10/24/2004 02:00:00 AM,NARCOTICS,007,67
11/30/2004 08:05:00 AM,THEFT,025,19
11/24/2004 07:25:00 PM,NARCOTICS,011,27
11/30/2004 12:30:00 PM,CRIMINAL TRESPASS,001,33
11/29/2004 05:30:00 PM,ROBBERY,009,61
11/26/2004 12:55:00 PM,DECEPTIVE PRACTICE,002,38
11/30/2004 12:50:00 PM,THEFT,009,59
11/24/2004 06:30:00 PM,NARCOTICS,011,26
11/25/2004 01:00:00 PM,CRIMINAL DAMAGE,004,43
11/24/2004 03:40:00 PM,CRIMINAL DAMAGE,002,38
11/26/2004 09:40:00 AM,THEFT,002,39
12/01/2004 09:00:00 AM,CRIMINAL DAMAGE,010,29
11/25/2004 10:00:00 PM,BURGLARY,003,43
11/29/2004 02:00:00 PM,BURGLARY,007,68
11/27/2004 08:00:00 PM,CRIMINAL DAMAGE,005,49
11/30/2004 07:45:00 AM,CRIMINAL TRESPASS,003,42
11/29/2004 08:00:00 AM,CRIMINAL DAMAGE,011,23
08/31/2004 03:53:13 PM,NARCOTICS,003,42
11/30/2004 08:00:00 PM,MOTOR VEHICLE THEFT,010,30
11/27/2004 08:30:00 AM,THEFT,018,8
11/18/2004 02:00:00 PM,OTHER OFFENSE,002,40
11/30/2004 03:00:00 AM,BURGLARY,007,68
04/01/2016 09:00:00 AM,DECEPTIVE PRACTICE,014,24
12/12/2016 11:59:00 PM,OTHER OFFENSE,005,49
10/03/2016 09:00:00 AM,DECEPTIVE PRACTICE,017,16
01/13/2017 11:59:00 PM,BATTERY,008,66
11/28/2016 09:30:00 PM,BATTERY,003,43
12/23/2016 10:00:00 AM,THEFT,015,25
11/16/2016 10:00:00 AM,DECEPTIVE PRACTICE,016,15
01/09/2016 04:00:00 AM,ASSAULT,016,10
11/23/2016 11:50:00 PM,OFFENSE INVOLVING CHILDREN,006,71
10/18/2016 12:00:00 PM,DECEPTIVE PRACTICE,014,24
07/14/2016 03:00:00 AM,OTHER OFFENSE,022,73
01/19/2010 12:01:00 AM,DECEPTIVE PRACTICE,006,49
12/03/2016 08:00:00 AM,DECEPTIVE PRACTICE,006,44
09/29/2016 09:30:00 PM,THEFT,014,24
11/18/2016 12:00:00 PM,DECEPTIVE PRACTICE,008,65
11/16/2016 12:00:00 AM,DECEPTIVE PRACTICE,001,32
12/14/2016 11:59:00 PM,THEFT,014,22
12/16/2016 09:00:00 AM,DECEPTIVE PRACTICE,001,32
12/01/2016 09:00:00 AM,THEFT,001,32
07/01/2016 12:01:00 AM,OTHER OFFENSE,017,13
01/02/2017 12:00:00 PM,DECEPTIVE PRACTICE,005,49
06/20/2016 01:00:00 PM,DECEPTIVE PRACTICE,025,18
12/18/2016 04:00:00 PM,DECEPTIVE PRACTICE,018,8
07/01/2016 12:01:00 AM,SEX OFFENSE,004,52
12/01/2016 12:00:00 AM,OFFENSE INVOLVING CHILDREN,022,75
01/08/2017 02:50:00 AM,ROBBERY,019,7
12/12/2016 04:15:00 AM,ROBBERY,014,24
12/06/2016 12:00:00 AM,CRIM SEXUAL ASSAULT,025,19
01/19/2016 07:30:00 PM,THEFT,019,5
07/01/2016 12:01:00 AM,CRIMINAL DAMAGE,024,2
01/13/2017 04:09:00 PM,HOMICIDE,015,25
01/13/2017 10:22:00 PM,HOMICIDE,008,66
12/24/2016 01:19:00 PM,OTHER OFFENSE,003,42
06/01/2016 09:00:00 PM,OFFENSE INVOLVING CHILDREN,007,68
01/01/2017 05:00:00 AM,THEFT,024,1
01/13/2017 09:24:00 PM,HOMICIDE,011,26
07/03/2016 01:00:00 AM,BATTERY,020,3
07/24/2016 11:52:00 PM,WEAPONS VIOLATION,011,23
08/08/2016 08:00:00 AM,NARCOTICS,011,29
08/12/2016 06:38:00 PM,NARCOTICS,007,68
07/11/2016 06:30:53 PM,NARCOTICS,011,23
06/01/2016 02:30:00 PM,NARCOTICS,004,46
05/24/2016 05:30:00 PM,NARCOTICS,008,57
08/05/2016 10:04:00 PM,NARCOTICS,022,75
08/05/2016 06:09:00 PM,NARCOTICS,003,42
08/04/2016 05:00:00 AM,NARCOTICS,009,58
08/05/2016 06:11:00 PM,NARCOTICS,003,43
08/12/2016 11:30:00 AM,NARCOTICS,007,67
08/16/2016 08:00:00 AM,NARCOTICS,011,29
08/16/2016 06:00:00 AM,NARCOTICS,011,29
07/07/2016 01:45:00 PM,NARCOTICS,016,76
07/01/2016 12:21:00 PM,NARCOTICS,010,29
07/02/2016 06:30:00 PM,NARCOTICS,004,46
07/02/2016 07:32:00 PM,NARCOTICS,005,49
07/05/2016 03:25:00 PM,NARCOTICS,004,43
07/05/2016 06:03:00 PM,NARCOTICS,009,61
07/07/2016 09:32:00 PM,NARCOTICS,015,25
07/07/2016 09:32:00 PM,NARCOTICS,015,25
08/14/2016 08:48:00 AM,NARCOTICS,012,27
08/12/2016 07:10:00 PM,NARCOTICS,006,44
08/26/2016 07:02:00 PM,NARCOTICS,011,26
08/12/2016 07:25:00 PM,NARCOTICS,007,67
08/13/2016 07:35:00 PM,NARCOTICS,006,71
08/19/2016 07:10:00 PM,NARCOTICS,015,25
08/20/2016 06:30:00 PM,NARCOTICS,011,26
08/15/2016 09:30:00 AM,NARCOTICS,011,27
08/24/2016 12:53:00 PM,NARCOTICS,014,22
08/11/2016 10:07:00 AM,NARCOTICS,007,68
08/26/2016 06:33:00 PM,NARCOTICS,015,25
08/24/2016 03:42:00 PM,NARCOTICS,004,43
08/27/2016 06:33:00 PM,NARCOTICS,011,26
08/21/2016 09:07:00 AM,NARCOTICS,011,26
08/25/2016 03:14:00 PM,NARCOTICS,004,43
08/19/2016 08:00:00 AM,NARCOTICS,016,76
08/23/2016 08:00:00 AM,NARCOTICS,016,76
08/18/2016 05:40:21 PM,NARCOTICS,006,49
08/23/2016 08:00:00 AM,NARCOTICS,016,76
09/01/2016 04:54:00 PM,NARCOTICS,011,29
09/12/2016 04:08:00 AM,OTHER OFFENSE,015,25
08/19/2016 06:00:00 AM,NARCOTICS,016,76
08/25/2016 07:03:46 PM,NARCOTICS,002,35
08/23/2016 06:00:00 AM,NARCOTICS,016,76
08/21/2016 09:07:00 AM,NARCOTICS,008,66
08/12/2016 05:09:00 PM,NARCOTICS,022,75
09/01/2016 01:39:00 PM,NARCOTICS,011,25
08/17/2016 02:16:00 PM,NARCOTICS,011,23
08/18/2016 09:11:00 AM,NARCOTICS,011,27
08/18/2016 11:20:00 AM,NARCOTICS,007,67
09/01/2016 06:10:00 PM,NARCOTICS,011,26
09/01/2016 08:01:00 AM,NARCOTICS,011,23
09/01/2016 11:45:00 AM,NARCOTICS,011,25
07/23/2016 06:18:00 PM,NARCOTICS,011,23
07/23/2016 06:35:00 PM,NARCOTICS,011,26
07/31/2016 09:10:00 AM,NARCOTICS,011,26
07/31/2016 09:15:00 AM,NARCOTICS,011,26
08/11/2016 07:07:00 PM,NARCOTICS,004,46
08/12/2016 06:40:00 PM,NARCOTICS,011,26
08/12/2016 05:55:00 PM,NARCOTICS,015,25
09/01/2016 10:10:00 AM,NARCOTICS,011,23
09/01/2016 06:50:00 AM,NARCOTICS,011,26
08/13/2016 06:55:00 PM,NARCOTICS,007,68
08/13/2016 07:25:00 PM,NARCOTICS,007,68
08/17/2016 01:10:00 PM,NARCOTICS,011,29
09/01/2016 07:19:00 AM,NARCOTICS,011,26
01/14/2017 09:00:00 AM,THEFT,017,14
01/14/2017 02:35:00 AM,THEFT,018,8
01/14/2017 05:45:00 PM,THEFT,016,15
01/14/2017 06:15:00 PM,NARCOTICS,005,53
01/14/2017 09:50:00 PM,OTHER OFFENSE,015,25
01/14/2017 10:00:00 PM,BURGLARY,020,4
01/14/2017 12:50:00 PM,ASSAULT,002,38
03/11/2007 12:00:00 AM,OFFENSE INVOLVING CHILDREN,018,7
01/14/2017 11:00:00 PM,THEFT,002,41
01/16/2005 10:00:00 AM,CRIM SEXUAL ASSAULT,017,16
01/14/2017 12:05:00 AM,THEFT,018,8
01/14/2017 03:15:00 AM,THEFT,024,77
01/14/2017 11:00:00 AM,BATTERY,024,2
01/14/2017 07:00:00 PM,THEFT,018,8
01/14/2017 11:37:00 PM,BATTERY,004,51
01/01/2007 09:00:00 AM,DECEPTIVE PRACTICE,005,49
07/22/2016 10:00:00 AM,DECEPTIVE PRACTICE,025,25
01/14/2017 09:15:00 AM,ASSAULT,016,76
01/04/2017 05:10:00 PM,BATTERY,015,25
01/12/2017 09:00:00 AM,ASSAULT,005,50
01/13/2017 12:03:00 AM,BURGLARY,020,2
01/12/2017 12:00:00 PM,OFFENSE INVOLVING CHILDREN,003,43
12/29/2016 04:42:00 PM,ASSAULT,006,44
01/15/2017 12:07:00 AM,BATTERY,010,29
01/15/2017 08:06:00 AM,BATTERY,006,71
01/15/2017 02:36:00 AM,BATTERY,009,60
01/15/2017 04:15:00 PM,THEFT,001,32
01/15/2017 09:30:00 AM,BURGLARY,025,20
01/15/2017 04:00:00 PM,THEFT,004,43
01/15/2017 06:30:00 PM,THEFT,004,45
01/15/2017 03:30:00 PM,BURGLARY,022,49
01/15/2017 08:25:00 PM,CRIMINAL DAMAGE,005,49
01/15/2017 11:20:00 AM,ROBBERY,004,45
01/15/2017 11:00:00 AM,BATTERY,003,43
01/15/2017 06:00:00 PM,THEFT,012,28
01/15/2017 10:00:00 PM,BATTERY,014,21
01/15/2017 05:10:00 PM,THEFT,014,22
01/15/2017 12:00:00 PM,THEFT,018,8
01/15/2017 03:00:00 AM,BATTERY,005,53
01/15/2017 09:00:00 PM,BATTERY,009,58
01/15/2017 12:00:00 PM,BURGLARY,008,66
01/15/2017 04:30:00 AM,BATTERY,004,43
01/15/2017 05:00:00 PM,ASSAULT,004,46
06/01/2012 12:00:00 AM,DECEPTIVE PRACTICE,011,23
05/26/2017 12:00:00 PM,DECEPTIVE PRACTICE,012,31
09/13/2017 12:41:00 AM,HOMICIDE,012,28
01/27/2016 05:28:00 PM,BATTERY,024,1
07/19/2017 08:30:00 AM,BURGLARY,012,24
08/03/2017 12:41:00 PM,BATTERY,003,69
08/05/2017 05:30:00 PM,ROBBERY,001,28
08/13/2017 03:00:00 AM,DECEPTIVE PRACTICE,018,8
08/18/2017 07:20:00 PM,THEFT,011,25
08/01/2017 08:22:00 PM,BATTERY,011,23
09/08/2017 10:00:00 AM,OFFENSE INVOLVING CHILDREN,011,27
08/25/2017 01:50:00 PM,ROBBERY,012,24
08/28/2017 01:20:00 AM,BATTERY,007,69
08/29/2017 04:14:00 PM,DECEPTIVE PRACTICE,006,71
09/04/2017 07:00:00 PM,BATTERY,002,39
09/06/2017 06:18:00 PM,ROBBERY,008,57
09/06/2017 04:10:00 PM,CRIMINAL DAMAGE,002,37
09/07/2017 05:50:00 PM,ROBBERY,018,8
09/05/2017 08:00:00 AM,DECEPTIVE PRACTICE,005,49
09/08/2017 01:13:00 AM,BATTERY,019,6
09/09/2017 12:30:00 AM,ROBBERY,019,6
09/12/2017 10:00:00 PM,THEFT,019,7
09/06/2017 01:30:00 PM,THEFT,010,30
09/12/2017 02:00:00 PM,DECEPTIVE PRACTICE,016,76
09/07/2017 02:40:00 PM,DECEPTIVE PRACTICE,016,76
09/13/2017 10:00:00 AM,THEFT,009,60
09/12/2017 12:30:00 AM,OTHER OFFENSE,008,70
09/13/2017 11:00:00 PM,ROBBERY,001,33
09/13/2017 12:15:00 PM,DECEPTIVE PRACTICE,012,28
09/12/2017 03:05:00 PM,CRIMINAL DAMAGE,004,46
09/07/2017 04:30:00 PM,KIDNAPPING,016,15
09/09/2017 09:00:00 AM,THEFT,014,24
09/11/2017 04:42:00 PM,THEFT,020,4
09/03/2017 07:00:00 AM,DECEPTIVE PRACTICE,025,25
09/12/2017 10:00:00 AM,DECEPTIVE PRACTICE,017,16
08/22/2017 07:55:00 PM,DECEPTIVE PRACTICE,016,76
09/13/2017 08:00:00 PM,CRIMINAL DAMAGE,016,17
09/12/2017 10:30:00 PM,ASSAULT,003,42
08/31/2017 06:39:00 PM,DECEPTIVE PRACTICE,001,32
09/13/2017 07:30:00 PM,THEFT,014,24
09/12/2017 02:53:00 PM,OTHER OFFENSE,015,25
09/12/2017 05:00:00 PM,OFFENSE INVOLVING CHILDREN,025,19
09/09/2017 12:01:00 AM,ASSAULT,024,77
09/02/2017 07:00:00 AM,OTHER OFFENSE,022,73
09/13/2017 04:00:00 PM,CRIMINAL DAMAGE,024,2
09/04/2017 03:00:00 PM,THEFT,020,77
09/09/2017 12:01:00 AM,THEFT,024,1
